2025-02-09 21:18:20,677 - === New Trading Session Started ===
2025-02-09 21:18:20,686 - 2019-03-14 BUY CREATE at 44.06, Size: 2156 shares (Trade #1)
2025-02-09 21:18:20,687 - 2019-03-15 BUY EXECUTED - Price: 44.33, Size: 2156 shares, Cost: 95571.89, Comm: 95.57
2025-02-09 21:18:20,687 - 2019-03-15 SELL CREATE at 44.63, Size: 2156 shares (Trade #1)
2025-02-09 21:18:20,687 - 2019-03-18 SELL EXECUTED - Price: 44.56, Size: 2156 shares, Cost: 95571.89, Comm: 96.06
2025-02-09 21:18:20,687 - 2019-03-18 
        TRADE COMPLETED:
        Gross Profit: 491.17
        Net Profit: 299.54
        Commission: 191.63
        
2025-02-09 21:18:20,687 - 2019-03-18 BUY CREATE at 45.09, Size: 2113 shares (Trade #2)
2025-02-09 21:18:20,687 - 2019-03-19 BUY EXECUTED - Price: 45.17, Size: 2113 shares, Cost: 95439.26, Comm: 95.44
2025-02-09 21:18:20,687 - 2019-03-19 SELL CREATE at 44.73, Size: 2113 shares (Trade #2)
2025-02-09 21:18:20,687 - 2019-03-20 SELL EXECUTED - Price: 44.66, Size: 2113 shares, Cost: 95439.26, Comm: 94.37
2025-02-09 21:18:20,687 - 2019-03-20 
        TRADE COMPLETED:
        Gross Profit: -1074.23
        Net Profit: -1264.04
        Commission: 189.80
        
2025-02-09 21:18:20,688 - 2019-03-20 BUY CREATE at 45.12, Size: 2085 shares (Trade #3)
2025-02-09 21:18:20,688 - 2019-03-21 BUY EXECUTED - Price: 45.57, Size: 2085 shares, Cost: 95009.56, Comm: 95.01
2025-02-09 21:18:20,688 - 2019-03-21 SELL CREATE at 46.78, Size: 2085 shares (Trade #3)
2025-02-09 21:18:20,688 - 2019-03-22 SELL EXECUTED - Price: 46.84, Size: 2085 shares, Cost: 95009.56, Comm: 97.67
2025-02-09 21:18:20,688 - 2019-03-22 
        TRADE COMPLETED:
        Gross Profit: 2659.98
        Net Profit: 2467.30
        Commission: 192.68
        
2025-02-09 21:18:20,688 - 2019-03-22 BUY CREATE at 45.82, Size: 2104 shares (Trade #4)
2025-02-09 21:18:20,688 - 2019-03-25 BUY EXECUTED - Price: 45.93, Size: 2104 shares, Cost: 96627.11, Comm: 96.63
2025-02-09 21:18:20,688 - 2019-03-25 SELL CREATE at 45.26, Size: 2104 shares (Trade #4)
2025-02-09 21:18:20,688 - 2019-03-26 SELL EXECUTED - Price: 45.96, Size: 2104 shares, Cost: 96627.11, Comm: 96.70
2025-02-09 21:18:20,688 - 2019-03-26 
        TRADE COMPLETED:
        Gross Profit: 75.70
        Net Profit: -117.63
        Commission: 193.33
        
2025-02-09 21:18:20,688 - 2019-03-26 BUY CREATE at 44.79, Size: 2150 shares (Trade #5)
2025-02-09 21:18:20,688 - 2019-03-27 BUY EXECUTED - Price: 45.26, Size: 2150 shares, Cost: 97316.68, Comm: 97.32
2025-02-09 21:18:20,689 - 2019-03-27 SELL CREATE at 45.20, Size: 2150 shares (Trade #5)
2025-02-09 21:18:20,689 - 2019-03-28 SELL EXECUTED - Price: 45.31, Size: 2150 shares, Cost: 97316.68, Comm: 97.42
2025-02-09 21:18:20,689 - 2019-03-28 
        TRADE COMPLETED:
        Gross Profit: 103.12
        Net Profit: -91.62
        Commission: 194.74
        
2025-02-09 21:18:20,689 - 2019-04-03 BUY CREATE at 46.85, Size: 2054 shares (Trade #6)
2025-02-09 21:18:20,689 - 2019-04-04 BUY EXECUTED - Price: 46.71, Size: 2054 shares, Cost: 95946.47, Comm: 95.95
2025-02-09 21:18:20,689 - 2019-04-04 SELL CREATE at 46.93, Size: 2054 shares (Trade #6)
2025-02-09 21:18:20,689 - 2019-04-05 SELL EXECUTED - Price: 47.11, Size: 2054 shares, Cost: 95946.47, Comm: 96.76
2025-02-09 21:18:20,689 - 2019-04-05 
        TRADE COMPLETED:
        Gross Profit: 817.64
        Net Profit: 624.93
        Commission: 192.71
        
2025-02-09 21:18:20,689 - 2019-04-05 BUY CREATE at 47.24, Size: 2049 shares (Trade #7)
2025-02-09 21:18:20,689 - 2019-04-08 BUY EXECUTED - Price: 47.10, Size: 2049 shares, Cost: 96513.83, Comm: 96.51
2025-02-09 21:18:20,689 - 2019-04-08 SELL CREATE at 47.99, Size: 2049 shares (Trade #7)
2025-02-09 21:18:20,689 - 2019-04-09 SELL EXECUTED - Price: 48.04, Size: 2049 shares, Cost: 96513.83, Comm: 98.43
2025-02-09 21:18:20,689 - 2019-04-09 
        TRADE COMPLETED:
        Gross Profit: 1916.32
        Net Profit: 1721.37
        Commission: 194.94
        
2025-02-09 21:18:20,690 - 2019-04-09 BUY CREATE at 47.84, Size: 2058 shares (Trade #8)
2025-02-09 21:18:20,690 - 2019-04-10 BUY EXECUTED - Price: 47.64, Size: 2058 shares, Cost: 98053.11, Comm: 98.05
2025-02-09 21:18:20,690 - 2019-04-10 SELL CREATE at 48.11, Size: 2058 shares (Trade #8)
2025-02-09 21:18:20,690 - 2019-04-11 SELL EXECUTED - Price: 48.17, Size: 2058 shares, Cost: 98053.11, Comm: 99.12
2025-02-09 21:18:20,690 - 2019-04-11 
        TRADE COMPLETED:
        Gross Profit: 1070.95
        Net Profit: 873.77
        Commission: 197.18
        
2025-02-09 21:18:20,690 - 2019-04-11 BUY CREATE at 47.71, Size: 2081 shares (Trade #9)
2025-02-09 21:18:20,690 - 2019-04-12 BUY EXECUTED - Price: 47.77, Size: 2081 shares, Cost: 99408.44, Comm: 99.41
2025-02-09 21:18:20,690 - 2019-04-12 SELL CREATE at 47.69, Size: 2081 shares (Trade #9)
2025-02-09 21:18:20,690 - 2019-04-15 SELL EXECUTED - Price: 47.62, Size: 2081 shares, Cost: 99408.44, Comm: 99.10
2025-02-09 21:18:20,690 - 2019-04-15 
        TRADE COMPLETED:
        Gross Profit: -309.39
        Net Profit: -507.90
        Commission: 198.51
        
2025-02-09 21:18:20,690 - 2019-04-23 BUY CREATE at 49.76, Size: 1985 shares (Trade #10)
2025-02-09 21:18:20,690 - 2019-04-24 BUY EXECUTED - Price: 49.73, Size: 1985 shares, Cost: 98706.85, Comm: 98.71
2025-02-09 21:18:20,691 - 2019-04-24 SELL CREATE at 49.68, Size: 1985 shares (Trade #10)
2025-02-09 21:18:20,691 - 2019-04-25 SELL EXECUTED - Price: 49.60, Size: 1985 shares, Cost: 98706.85, Comm: 98.45
2025-02-09 21:18:20,691 - 2019-04-25 
        TRADE COMPLETED:
        Gross Profit: -252.28
        Net Profit: -449.44
        Commission: 197.16
        
2025-02-09 21:18:20,691 - 2019-04-25 BUY CREATE at 49.23, Size: 1998 shares (Trade #11)
2025-02-09 21:18:20,691 - 2019-04-26 BUY EXECUTED - Price: 49.14, Size: 1998 shares, Cost: 98174.64, Comm: 98.17
2025-02-09 21:18:20,691 - 2019-04-26 SELL CREATE at 48.99, Size: 1998 shares (Trade #11)
2025-02-09 21:18:20,691 - 2019-04-29 SELL EXECUTED - Price: 49.02, Size: 1998 shares, Cost: 98174.64, Comm: 97.94
2025-02-09 21:18:20,691 - 2019-04-29 
        TRADE COMPLETED:
        Gross Profit: -239.57
        Net Profit: -435.68
        Commission: 196.11
        
2025-02-09 21:18:20,691 - 2019-05-10 BUY CREATE at 47.47, Size: 2063 shares (Trade #12)
2025-02-09 21:18:20,691 - 2019-05-13 BUY EXECUTED - Price: 45.19, Size: 2063 shares, Cost: 93221.86, Comm: 93.22
2025-02-09 21:18:20,692 - 2019-05-13 SELL CREATE at 44.71, Size: 2063 shares (Trade #12)
2025-02-09 21:18:20,692 - 2019-05-14 SELL EXECUTED - Price: 44.87, Size: 2063 shares, Cost: 93221.86, Comm: 92.58
2025-02-09 21:18:20,692 - 2019-05-14 
        TRADE COMPLETED:
        Gross Profit: -645.62
        Net Profit: -831.41
        Commission: 185.80
        
2025-02-09 21:18:20,692 - 2019-05-14 BUY CREATE at 45.42, Size: 2139 shares (Trade #13)
2025-02-09 21:18:20,692 - 2019-05-15 BUY EXECUTED - Price: 44.84, Size: 2139 shares, Cost: 95914.62, Comm: 95.91
2025-02-09 21:18:20,692 - 2019-05-15 SELL CREATE at 45.96, Size: 2139 shares (Trade #13)
2025-02-09 21:18:20,692 - 2019-05-16 SELL EXECUTED - Price: 45.72, Size: 2139 shares, Cost: 95914.62, Comm: 97.79
2025-02-09 21:18:20,692 - 2019-05-16 
        TRADE COMPLETED:
        Gross Profit: 1874.32
        Net Profit: 1680.61
        Commission: 193.70
        
2025-02-09 21:18:20,692 - 2019-05-16 BUY CREATE at 45.76, Size: 2158 shares (Trade #14)
2025-02-09 21:18:20,692 - 2019-05-17 BUY EXECUTED - Price: 45.00, Size: 2158 shares, Cost: 97109.46, Comm: 97.11
2025-02-09 21:18:20,692 - 2019-05-17 SELL CREATE at 45.50, Size: 2158 shares (Trade #14)
2025-02-09 21:18:20,692 - 2019-05-20 SELL EXECUTED - Price: 44.18, Size: 2158 shares, Cost: 97109.46, Comm: 95.34
2025-02-09 21:18:20,692 - 2019-05-20 
        TRADE COMPLETED:
        Gross Profit: -1771.47
        Net Profit: -1963.92
        Commission: 192.45
        
2025-02-09 21:18:20,692 - 2019-05-20 BUY CREATE at 44.08, Size: 2198 shares (Trade #15)
2025-02-09 21:18:20,692 - 2019-05-21 BUY EXECUTED - Price: 44.59, Size: 2198 shares, Cost: 98004.67, Comm: 98.00
2025-02-09 21:18:20,692 - 2019-05-21 SELL CREATE at 44.92, Size: 2198 shares (Trade #15)
2025-02-09 21:18:20,693 - 2019-05-22 SELL EXECUTED - Price: 44.45, Size: 2198 shares, Cost: 98004.67, Comm: 97.71
2025-02-09 21:18:20,693 - 2019-05-22 
        TRADE COMPLETED:
        Gross Profit: -296.31
        Net Profit: -492.03
        Commission: 195.71
        
2025-02-09 21:18:20,693 - 2019-05-22 BUY CREATE at 44.00, Size: 2191 shares (Trade #16)
2025-02-09 21:18:20,693 - 2019-05-23 BUY EXECUTED - Price: 43.28, Size: 2191 shares, Cost: 94833.82, Comm: 94.83
2025-02-09 21:18:20,693 - 2019-05-23 SELL CREATE at 43.25, Size: 2191 shares (Trade #16)
2025-02-09 21:18:20,693 - 2019-05-24 SELL EXECUTED - Price: 43.38, Size: 2191 shares, Cost: 94833.82, Comm: 95.04
2025-02-09 21:18:20,693 - 2019-05-24 
        TRADE COMPLETED:
        Gross Profit: 210.96
        Net Profit: 21.08
        Commission: 189.88
        
2025-02-09 21:18:20,693 - 2019-05-24 BUY CREATE at 43.08, Size: 2238 shares (Trade #17)
2025-02-09 21:18:20,693 - 2019-05-28 BUY EXECUTED - Price: 43.07, Size: 2238 shares, Cost: 96394.00, Comm: 96.39
2025-02-09 21:18:20,693 - 2019-05-28 SELL CREATE at 42.91, Size: 2238 shares (Trade #17)
2025-02-09 21:18:20,693 - 2019-05-29 SELL EXECUTED - Price: 42.47, Size: 2238 shares, Cost: 96394.00, Comm: 95.05
2025-02-09 21:18:20,693 - 2019-05-29 
        TRADE COMPLETED:
        Gross Profit: -1346.85
        Net Profit: -1538.29
        Commission: 191.44
        
2025-02-09 21:18:20,693 - 2019-05-29 BUY CREATE at 42.70, Size: 2224 shares (Trade #18)
2025-02-09 21:18:20,693 - 2019-05-30 BUY EXECUTED - Price: 42.84, Size: 2224 shares, Cost: 95271.69, Comm: 95.27
2025-02-09 21:18:20,693 - 2019-05-30 SELL CREATE at 42.92, Size: 2224 shares (Trade #18)
2025-02-09 21:18:20,693 - 2019-05-31 SELL EXECUTED - Price: 42.42, Size: 2224 shares, Cost: 95271.69, Comm: 94.35
2025-02-09 21:18:20,693 - 2019-05-31 
        TRADE COMPLETED:
        Gross Profit: -920.88
        Net Profit: -1110.50
        Commission: 189.62
        
2025-02-09 21:18:20,693 - 2019-05-31 BUY CREATE at 42.14, Size: 2229 shares (Trade #19)
2025-02-09 21:18:20,694 - 2019-06-03 BUY EXECUTED - Price: 42.27, Size: 2229 shares, Cost: 94224.92, Comm: 94.22
2025-02-09 21:18:20,694 - 2019-06-03 SELL CREATE at 41.72, Size: 2229 shares (Trade #19)
2025-02-09 21:18:20,694 - 2019-06-04 SELL EXECUTED - Price: 42.23, Size: 2229 shares, Cost: 94224.92, Comm: 94.14
2025-02-09 21:18:20,694 - 2019-06-04 
        TRADE COMPLETED:
        Gross Profit: -85.86
        Net Profit: -274.22
        Commission: 188.36
        
2025-02-09 21:18:20,694 - 2019-06-04 BUY CREATE at 43.24, Size: 2166 shares (Trade #20)
2025-02-09 21:18:20,694 - 2019-06-05 BUY EXECUTED - Price: 44.36, Size: 2166 shares, Cost: 96087.70, Comm: 96.09
2025-02-09 21:18:20,694 - 2019-06-05 SELL CREATE at 43.94, Size: 2166 shares (Trade #20)
2025-02-09 21:18:20,694 - 2019-06-06 SELL EXECUTED - Price: 44.07, Size: 2166 shares, Cost: 96087.70, Comm: 95.46
2025-02-09 21:18:20,694 - 2019-06-06 
        TRADE COMPLETED:
        Gross Profit: -625.70
        Net Profit: -817.25
        Commission: 191.55
        
2025-02-09 21:18:20,694 - 2019-06-06 BUY CREATE at 44.59, Size: 2083 shares (Trade #21)
2025-02-09 21:18:20,694 - 2019-06-07 BUY EXECUTED - Price: 44.90, Size: 2083 shares, Cost: 93523.88, Comm: 93.52
2025-02-09 21:18:20,694 - 2019-06-10 SELL CREATE at 46.36, Size: 2083 shares (Trade #21)
2025-02-09 21:18:20,694 - 2019-06-11 SELL EXECUTED - Price: 46.91, Size: 2083 shares, Cost: 93523.88, Comm: 97.71
2025-02-09 21:18:20,694 - 2019-06-11 
        TRADE COMPLETED:
        Gross Profit: 4187.04
        Net Profit: 3995.80
        Commission: 191.23
        
2025-02-09 21:18:20,694 - 2019-06-11 BUY CREATE at 46.90, Size: 2061 shares (Trade #22)
2025-02-09 21:18:20,694 - 2019-06-12 BUY EXECUTED - Price: 46.69, Size: 2061 shares, Cost: 96227.45, Comm: 96.23
2025-02-09 21:18:20,694 - 2019-06-12 SELL CREATE at 46.75, Size: 2061 shares (Trade #22)
2025-02-09 21:18:20,695 - 2019-06-13 SELL EXECUTED - Price: 46.87, Size: 2061 shares, Cost: 96227.45, Comm: 96.60
2025-02-09 21:18:20,695 - 2019-06-13 
        TRADE COMPLETED:
        Gross Profit: 372.09
        Net Profit: 179.26
        Commission: 192.83
        
2025-02-09 21:18:20,695 - 2019-06-13 BUY CREATE at 46.74, Size: 2072 shares (Trade #23)
2025-02-09 21:18:20,695 - 2019-06-14 BUY EXECUTED - Price: 46.11, Size: 2072 shares, Cost: 95543.93, Comm: 95.54
2025-02-09 21:18:20,695 - 2019-06-18 SELL CREATE at 47.77, Size: 2072 shares (Trade #23)
2025-02-09 21:18:20,695 - 2019-06-19 SELL EXECUTED - Price: 48.07, Size: 2072 shares, Cost: 95543.93, Comm: 99.60
2025-02-09 21:18:20,695 - 2019-06-19 
        TRADE COMPLETED:
        Gross Profit: 4055.17
        Net Profit: 3860.02
        Commission: 195.14
        
2025-02-09 21:18:20,695 - 2019-06-19 BUY CREATE at 47.63, Size: 2110 shares (Trade #24)
2025-02-09 21:18:20,695 - 2019-06-20 BUY EXECUTED - Price: 48.24, Size: 2110 shares, Cost: 101776.20, Comm: 101.78
2025-02-09 21:18:20,695 - 2019-06-20 SELL CREATE at 48.02, Size: 2110 shares (Trade #24)
2025-02-09 21:18:20,695 - 2019-06-21 SELL EXECUTED - Price: 47.86, Size: 2110 shares, Cost: 101776.20, Comm: 100.98
2025-02-09 21:18:20,695 - 2019-06-21 
        TRADE COMPLETED:
        Gross Profit: -797.43
        Net Profit: -1000.19
        Commission: 202.75
        
2025-02-09 21:18:20,695 - 2019-06-21 BUY CREATE at 47.85, Size: 2081 shares (Trade #25)
2025-02-09 21:18:20,695 - 2019-06-24 BUY EXECUTED - Price: 47.79, Size: 2081 shares, Cost: 99460.62, Comm: 99.46
2025-02-09 21:18:20,695 - 2019-06-24 SELL CREATE at 47.80, Size: 2081 shares (Trade #25)
2025-02-09 21:18:20,695 - 2019-06-25 SELL EXECUTED - Price: 47.77, Size: 2081 shares, Cost: 99460.62, Comm: 99.41
2025-02-09 21:18:20,696 - 2019-06-25 
        TRADE COMPLETED:
        Gross Profit: -55.09
        Net Profit: -253.96
        Commission: 198.87
        
2025-02-09 21:18:20,696 - 2019-06-25 BUY CREATE at 47.08, Size: 2110 shares (Trade #26)
2025-02-09 21:18:20,696 - 2019-06-26 BUY EXECUTED - Price: 47.61, Size: 2110 shares, Cost: 100455.57, Comm: 100.46
2025-02-09 21:18:20,696 - 2019-06-26 SELL CREATE at 48.10, Size: 2110 shares (Trade #26)
2025-02-09 21:18:20,696 - 2019-06-27 SELL EXECUTED - Price: 48.22, Size: 2110 shares, Cost: 100455.57, Comm: 101.74
2025-02-09 21:18:20,696 - 2019-06-27 
        TRADE COMPLETED:
        Gross Profit: 1279.99
        Net Profit: 1077.80
        Commission: 202.19
        
2025-02-09 21:18:20,696 - 2019-06-27 BUY CREATE at 48.08, Size: 2087 shares (Trade #27)
2025-02-09 21:18:20,696 - 2019-06-28 BUY EXECUTED - Price: 47.83, Size: 2087 shares, Cost: 99817.74, Comm: 99.82
2025-02-09 21:18:20,696 - 2019-07-01 SELL CREATE at 48.52, Size: 2087 shares (Trade #27)
2025-02-09 21:18:20,696 - 2019-07-02 SELL EXECUTED - Price: 48.49, Size: 2087 shares, Cost: 99817.74, Comm: 101.19
2025-02-09 21:18:20,696 - 2019-07-02 
        TRADE COMPLETED:
        Gross Profit: 1371.58
        Net Profit: 1170.57
        Commission: 201.01
        
2025-02-09 21:18:20,696 - 2019-07-02 BUY CREATE at 48.80, Size: 2079 shares (Trade #28)
2025-02-09 21:18:20,696 - 2019-07-03 BUY EXECUTED - Price: 48.94, Size: 2079 shares, Cost: 101737.33, Comm: 101.74
2025-02-09 21:18:20,696 - 2019-07-03 SELL CREATE at 49.21, Size: 2079 shares (Trade #28)
2025-02-09 21:18:20,696 - 2019-07-05 SELL EXECUTED - Price: 48.95, Size: 2079 shares, Cost: 101737.33, Comm: 101.77
2025-02-09 21:18:20,696 - 2019-07-05 
        TRADE COMPLETED:
        Gross Profit: 35.01
        Net Profit: -168.50
        Commission: 203.51
        
2025-02-09 21:18:20,696 - 2019-07-05 BUY CREATE at 49.16, Size: 2060 shares (Trade #29)
2025-02-09 21:18:20,697 - 2019-07-08 BUY EXECUTED - Price: 48.34, Size: 2060 shares, Cost: 99582.66, Comm: 99.58
2025-02-09 21:18:20,697 - 2019-07-10 SELL CREATE at 48.92, Size: 2060 shares (Trade #29)
2025-02-09 21:18:20,697 - 2019-07-11 SELL EXECUTED - Price: 48.94, Size: 2060 shares, Cost: 99582.66, Comm: 100.82
2025-02-09 21:18:20,697 - 2019-07-11 
        TRADE COMPLETED:
        Gross Profit: 1239.77
        Net Profit: 1039.36
        Commission: 200.41
        
2025-02-09 21:18:20,697 - 2019-07-11 BUY CREATE at 48.57, Size: 2106 shares (Trade #30)
2025-02-09 21:18:20,697 - 2019-07-12 BUY EXECUTED - Price: 48.74, Size: 2106 shares, Cost: 102637.78, Comm: 102.64
2025-02-09 21:18:20,697 - 2019-07-12 SELL CREATE at 48.94, Size: 2106 shares (Trade #30)
2025-02-09 21:18:20,697 - 2019-07-15 SELL EXECUTED - Price: 49.13, Size: 2106 shares, Cost: 102637.78, Comm: 103.47
2025-02-09 21:18:20,697 - 2019-07-15 
        TRADE COMPLETED:
        Gross Profit: 831.45
        Net Profit: 625.34
        Commission: 206.11
        
2025-02-09 21:18:20,697 - 2019-07-15 BUY CREATE at 49.40, Size: 2083 shares (Trade #31)
2025-02-09 21:18:20,697 - 2019-07-16 BUY EXECUTED - Price: 49.25, Size: 2083 shares, Cost: 102589.93, Comm: 102.59
2025-02-09 21:18:20,697 - 2019-07-16 SELL CREATE at 49.23, Size: 2083 shares (Trade #31)
2025-02-09 21:18:20,697 - 2019-07-17 SELL EXECUTED - Price: 49.12, Size: 2083 shares, Cost: 102589.93, Comm: 102.32
2025-02-09 21:18:20,697 - 2019-07-17 
        TRADE COMPLETED:
        Gross Profit: -270.75
        Net Profit: -475.66
        Commission: 204.91
        
2025-02-09 21:18:20,698 - 2019-07-23 BUY CREATE at 50.27, Size: 2037 shares (Trade #32)
2025-02-09 21:18:20,698 - 2019-07-24 BUY EXECUTED - Price: 49.99, Size: 2037 shares, Cost: 101834.72, Comm: 101.83
2025-02-09 21:18:20,698 - 2019-07-24 SELL CREATE at 50.23, Size: 2037 shares (Trade #32)
2025-02-09 21:18:20,698 - 2019-07-25 SELL EXECUTED - Price: 50.29, Size: 2037 shares, Cost: 101834.72, Comm: 102.43
2025-02-09 21:18:20,698 - 2019-07-25 
        TRADE COMPLETED:
        Gross Profit: 598.26
        Net Profit: 393.99
        Commission: 204.27
        
2025-02-09 21:18:20,698 - 2019-07-25 BUY CREATE at 49.84, Size: 2063 shares (Trade #33)
2025-02-09 21:18:20,698 - 2019-07-26 BUY EXECUTED - Price: 49.95, Size: 2063 shares, Cost: 103040.18, Comm: 103.04
2025-02-09 21:18:20,698 - 2019-07-26 SELL CREATE at 50.01, Size: 2063 shares (Trade #33)
2025-02-09 21:18:20,699 - 2019-07-29 SELL EXECUTED - Price: 50.18, Size: 2063 shares, Cost: 103040.18, Comm: 103.53
2025-02-09 21:18:20,699 - 2019-07-29 
        TRADE COMPLETED:
        Gross Profit: 486.68
        Net Profit: 280.12
        Commission: 206.57
        
2025-02-09 21:18:20,699 - 2019-07-29 BUY CREATE at 50.48, Size: 2042 shares (Trade #34)
2025-02-09 21:18:20,699 - 2019-07-30 BUY EXECUTED - Price: 50.25, Size: 2042 shares, Cost: 102620.51, Comm: 102.62
2025-02-09 21:18:20,699 - 2019-07-30 SELL CREATE at 50.26, Size: 2042 shares (Trade #34)
2025-02-09 21:18:20,699 - 2019-07-31 SELL EXECUTED - Price: 52.10, Size: 2042 shares, Cost: 102620.51, Comm: 106.39
2025-02-09 21:18:20,699 - 2019-07-31 
        TRADE COMPLETED:
        Gross Profit: 3765.41
        Net Profit: 3556.41
        Commission: 209.01
        
2025-02-09 21:18:20,699 - 2019-07-31 BUY CREATE at 51.29, Size: 2076 shares (Trade #35)
2025-02-09 21:18:20,699 - 2019-08-01 BUY EXECUTED - Price: 51.49, Size: 2076 shares, Cost: 106897.93, Comm: 106.90
2025-02-09 21:18:20,699 - 2019-08-01 SELL CREATE at 50.18, Size: 2076 shares (Trade #35)
2025-02-09 21:18:20,699 - 2019-08-02 SELL EXECUTED - Price: 49.48, Size: 2076 shares, Cost: 106897.93, Comm: 102.71
2025-02-09 21:18:20,699 - 2019-08-02 
        TRADE COMPLETED:
        Gross Profit: -4182.97
        Net Profit: -4392.58
        Commission: 209.61
        
2025-02-09 21:18:20,699 - 2019-08-05 BUY CREATE at 46.54, Size: 2197 shares (Trade #36)
2025-02-09 21:18:20,700 - 2019-08-06 BUY EXECUTED - Price: 47.26, Size: 2197 shares, Cost: 103825.39, Comm: 103.83
2025-02-09 21:18:20,700 - 2019-08-06 SELL CREATE at 47.42, Size: 2197 shares (Trade #36)
2025-02-09 21:18:20,700 - 2019-08-07 SELL EXECUTED - Price: 47.04, Size: 2197 shares, Cost: 103825.39, Comm: 103.35
2025-02-09 21:18:20,700 - 2019-08-07 
        TRADE COMPLETED:
        Gross Profit: -475.99
        Net Profit: -683.17
        Commission: 207.17
        
2025-02-09 21:18:20,700 - 2019-08-19 BUY CREATE at 50.83, Size: 1999 shares (Trade #37)
2025-02-09 21:18:20,700 - 2019-08-20 BUY EXECUTED - Price: 50.96, Size: 1999 shares, Cost: 101865.31, Comm: 101.87
2025-02-09 21:18:20,700 - 2019-08-21 SELL CREATE at 51.38, Size: 1999 shares (Trade #37)
2025-02-09 21:18:20,700 - 2019-08-22 SELL EXECUTED - Price: 51.52, Size: 1999 shares, Cost: 101865.31, Comm: 102.98
2025-02-09 21:18:20,700 - 2019-08-22 
        TRADE COMPLETED:
        Gross Profit: 1115.83
        Net Profit: 910.98
        Commission: 204.85
        
2025-02-09 21:18:20,700 - 2019-08-22 BUY CREATE at 51.34, Size: 1996 shares (Trade #38)
2025-02-09 21:18:20,700 - 2019-08-23 BUY EXECUTED - Price: 50.61, Size: 1996 shares, Cost: 101013.06, Comm: 101.01
2025-02-09 21:18:20,700 - 2019-08-23 SELL CREATE at 48.97, Size: 1996 shares (Trade #38)
2025-02-09 21:18:20,701 - 2019-08-26 SELL EXECUTED - Price: 49.75, Size: 1996 shares, Cost: 101013.06, Comm: 99.29
2025-02-09 21:18:20,701 - 2019-08-26 
        TRADE COMPLETED:
        Gross Profit: -1721.88
        Net Profit: -1922.19
        Commission: 200.30
        
2025-02-09 21:18:20,701 - 2019-08-26 BUY CREATE at 49.90, Size: 2017 shares (Trade #39)
2025-02-09 21:18:20,701 - 2019-08-27 BUY EXECUTED - Price: 50.23, Size: 2017 shares, Cost: 101310.63, Comm: 101.31
2025-02-09 21:18:20,701 - 2019-08-27 SELL CREATE at 49.33, Size: 2017 shares (Trade #39)
2025-02-09 21:18:20,701 - 2019-08-28 SELL EXECUTED - Price: 49.32, Size: 2017 shares, Cost: 101310.63, Comm: 99.48
2025-02-09 21:18:20,701 - 2019-08-28 
        TRADE COMPLETED:
        Gross Profit: -1832.63
        Net Profit: -2033.42
        Commission: 200.79
        
2025-02-09 21:18:20,701 - 2019-09-05 BUY CREATE at 51.54, Size: 1916 shares (Trade #40)
2025-02-09 21:18:20,701 - 2019-09-06 BUY EXECUTED - Price: 51.72, Size: 1916 shares, Cost: 99103.47, Comm: 99.10
2025-02-09 21:18:20,701 - 2019-09-09 SELL CREATE at 51.75, Size: 1916 shares (Trade #40)
2025-02-09 21:18:20,701 - 2019-09-10 SELL EXECUTED - Price: 51.68, Size: 1916 shares, Cost: 99103.47, Comm: 99.02
2025-02-09 21:18:20,701 - 2019-09-10 
        TRADE COMPLETED:
        Gross Profit: -87.98
        Net Profit: -286.10
        Commission: 198.12
        
2025-02-09 21:18:20,701 - 2019-09-10 BUY CREATE at 52.36, Size: 1880 shares (Trade #41)
2025-02-09 21:18:20,701 - 2019-09-11 BUY EXECUTED - Price: 52.70, Size: 1880 shares, Cost: 99067.65, Comm: 99.07
2025-02-09 21:18:20,702 - 2019-09-11 SELL CREATE at 54.03, Size: 1880 shares (Trade #41)
2025-02-09 21:18:20,702 - 2019-09-12 SELL EXECUTED - Price: 54.32, Size: 1880 shares, Cost: 99067.65, Comm: 102.13
2025-02-09 21:18:20,702 - 2019-09-12 
        TRADE COMPLETED:
        Gross Profit: 3057.40
        Net Profit: 2856.21
        Commission: 201.19
        
2025-02-09 21:18:20,702 - 2019-09-12 BUY CREATE at 53.91, Size: 1877 shares (Trade #42)
2025-02-09 21:18:20,702 - 2019-09-13 BUY EXECUTED - Price: 53.16, Size: 1877 shares, Cost: 99784.96, Comm: 99.78
2025-02-09 21:18:20,702 - 2019-09-13 SELL CREATE at 52.86, Size: 1877 shares (Trade #42)
2025-02-09 21:18:20,702 - 2019-09-16 SELL EXECUTED - Price: 52.61, Size: 1877 shares, Cost: 99784.96, Comm: 98.76
2025-02-09 21:18:20,702 - 2019-09-16 
        TRADE COMPLETED:
        Gross Profit: -1029.60
        Net Profit: -1228.14
        Commission: 198.54
        
2025-02-09 21:18:20,702 - 2019-09-16 BUY CREATE at 53.14, Size: 1882 shares (Trade #43)
2025-02-09 21:18:20,702 - 2019-09-17 BUY EXECUTED - Price: 53.15, Size: 1882 shares, Cost: 100032.56, Comm: 100.03
2025-02-09 21:18:20,702 - 2019-09-17 SELL CREATE at 53.33, Size: 1882 shares (Trade #43)
2025-02-09 21:18:20,702 - 2019-09-18 SELL EXECUTED - Price: 53.42, Size: 1882 shares, Cost: 100032.56, Comm: 100.53
2025-02-09 21:18:20,702 - 2019-09-18 
        TRADE COMPLETED:
        Gross Profit: 500.27
        Net Profit: 299.70
        Commission: 200.57
        
2025-02-09 21:18:20,702 - 2019-09-18 BUY CREATE at 53.83, Size: 1863 shares (Trade #44)
2025-02-09 21:18:20,702 - 2019-09-19 BUY EXECUTED - Price: 53.65, Size: 1863 shares, Cost: 99945.56, Comm: 99.95
2025-02-09 21:18:20,702 - 2019-09-19 SELL CREATE at 53.39, Size: 1863 shares (Trade #44)
2025-02-09 21:18:20,702 - 2019-09-20 SELL EXECUTED - Price: 53.50, Size: 1863 shares, Cost: 99945.56, Comm: 99.66
2025-02-09 21:18:20,702 - 2019-09-20 
        TRADE COMPLETED:
        Gross Profit: -283.63
        Net Profit: -483.24
        Commission: 199.61
        
2025-02-09 21:18:20,703 - 2019-09-20 BUY CREATE at 52.61, Size: 1897 shares (Trade #45)
2025-02-09 21:18:20,703 - 2019-09-23 BUY EXECUTED - Price: 52.91, Size: 1897 shares, Cost: 100366.86, Comm: 100.37
2025-02-09 21:18:20,703 - 2019-09-24 SELL CREATE at 52.60, Size: 1897 shares (Trade #45)
2025-02-09 21:18:20,703 - 2019-09-25 SELL EXECUTED - Price: 52.81, Size: 1897 shares, Cost: 100366.86, Comm: 100.18
2025-02-09 21:18:20,703 - 2019-09-25 
        TRADE COMPLETED:
        Gross Profit: -183.33
        Net Profit: -383.88
        Commission: 200.55
        
2025-02-09 21:18:20,703 - 2019-10-07 BUY CREATE at 54.87, Size: 1813 shares (Trade #46)
2025-02-09 21:18:20,703 - 2019-10-08 BUY EXECUTED - Price: 54.57, Size: 1813 shares, Cost: 98932.35, Comm: 98.93
2025-02-09 21:18:20,703 - 2019-10-09 SELL CREATE at 54.86, Size: 1813 shares (Trade #46)
2025-02-09 21:18:20,703 - 2019-10-10 SELL EXECUTED - Price: 55.08, Size: 1813 shares, Cost: 98932.35, Comm: 99.86
2025-02-09 21:18:20,703 - 2019-10-10 
        TRADE COMPLETED:
        Gross Profit: 924.38
        Net Profit: 725.59
        Commission: 198.79
        
2025-02-09 21:18:20,703 - 2019-10-10 BUY CREATE at 55.60, Size: 1801 shares (Trade #47)
2025-02-09 21:18:20,703 - 2019-10-11 BUY EXECUTED - Price: 56.29, Size: 1801 shares, Cost: 101380.52, Comm: 101.38
2025-02-09 21:18:20,704 - 2019-10-11 SELL CREATE at 57.08, Size: 1801 shares (Trade #47)
2025-02-09 21:18:20,704 - 2019-10-14 SELL EXECUTED - Price: 56.76, Size: 1801 shares, Cost: 101380.52, Comm: 102.23
2025-02-09 21:18:20,704 - 2019-10-14 
        TRADE COMPLETED:
        Gross Profit: 848.65
        Net Profit: 645.04
        Commission: 203.61
        
2025-02-09 21:18:20,704 - 2019-10-14 BUY CREATE at 57.00, Size: 1768 shares (Trade #48)
2025-02-09 21:18:20,704 - 2019-10-15 BUY EXECUTED - Price: 57.12, Size: 1768 shares, Cost: 100992.56, Comm: 100.99
2025-02-09 21:18:20,704 - 2019-10-15 SELL CREATE at 56.86, Size: 1768 shares (Trade #48)
2025-02-09 21:18:20,704 - 2019-10-16 SELL EXECUTED - Price: 56.39, Size: 1768 shares, Cost: 100992.56, Comm: 99.70
2025-02-09 21:18:20,704 - 2019-10-16 
        TRADE COMPLETED:
        Gross Profit: -1290.21
        Net Profit: -1490.90
        Commission: 200.69
        
2025-02-09 21:18:20,704 - 2019-10-16 BUY CREATE at 56.63, Size: 1754 shares (Trade #49)
2025-02-09 21:18:20,704 - 2019-10-17 BUY EXECUTED - Price: 56.81, Size: 1754 shares, Cost: 99641.86, Comm: 99.64
2025-02-09 21:18:20,704 - 2019-10-17 SELL CREATE at 56.85, Size: 1754 shares (Trade #49)
2025-02-09 21:18:20,704 - 2019-10-18 SELL EXECUTED - Price: 56.69, Size: 1754 shares, Cost: 99641.86, Comm: 99.43
2025-02-09 21:18:20,704 - 2019-10-18 
        TRADE COMPLETED:
        Gross Profit: -211.93
        Net Profit: -411.00
        Commission: 199.07
        
2025-02-09 21:18:20,704 - 2019-10-18 BUY CREATE at 57.13, Size: 1732 shares (Trade #50)
2025-02-09 21:18:20,704 - 2019-10-21 BUY EXECUTED - Price: 57.40, Size: 1732 shares, Cost: 99409.10, Comm: 99.41
2025-02-09 21:18:20,705 - 2019-10-21 SELL CREATE at 58.12, Size: 1732 shares (Trade #50)
2025-02-09 21:18:20,705 - 2019-10-22 SELL EXECUTED - Price: 58.28, Size: 1732 shares, Cost: 99409.10, Comm: 100.93
2025-02-09 21:18:20,705 - 2019-10-22 
        TRADE COMPLETED:
        Gross Profit: 1523.44
        Net Profit: 1323.10
        Commission: 200.34
        
2025-02-09 21:18:20,705 - 2019-10-22 BUY CREATE at 57.99, Size: 1728 shares (Trade #51)
2025-02-09 21:18:20,705 - 2019-10-23 BUY EXECUTED - Price: 58.50, Size: 1728 shares, Cost: 101091.96, Comm: 101.09
2025-02-09 21:18:20,705 - 2019-10-23 SELL CREATE at 58.76, Size: 1728 shares (Trade #51)
2025-02-09 21:18:20,705 - 2019-10-24 SELL EXECUTED - Price: 59.08, Size: 1728 shares, Cost: 101091.96, Comm: 102.10
2025-02-09 21:18:20,705 - 2019-10-24 
        TRADE COMPLETED:
        Gross Profit: 1006.32
        Net Profit: 803.13
        Commission: 203.19
        
2025-02-09 21:18:20,705 - 2019-10-24 BUY CREATE at 58.86, Size: 1716 shares (Trade #52)
2025-02-09 21:18:20,705 - 2019-10-25 BUY EXECUTED - Price: 58.76, Size: 1716 shares, Cost: 100829.48, Comm: 100.83
2025-02-09 21:18:20,705 - 2019-10-25 SELL CREATE at 59.58, Size: 1716 shares (Trade #52)
2025-02-09 21:18:20,705 - 2019-10-28 SELL EXECUTED - Price: 59.79, Size: 1716 shares, Cost: 100829.48, Comm: 102.60
2025-02-09 21:18:20,705 - 2019-10-28 
        TRADE COMPLETED:
        Gross Profit: 1766.45
        Net Profit: 1563.03
        Commission: 203.43
        
2025-02-09 21:18:20,705 - 2019-10-28 BUY CREATE at 60.18, Size: 1703 shares (Trade #53)
2025-02-09 21:18:20,705 - 2019-10-29 BUY EXECUTED - Price: 60.16, Size: 1703 shares, Cost: 102456.54, Comm: 102.46
2025-02-09 21:18:20,705 - 2019-10-29 SELL CREATE at 58.79, Size: 1703 shares (Trade #53)
2025-02-09 21:18:20,705 - 2019-10-30 SELL EXECUTED - Price: 59.15, Size: 1703 shares, Cost: 102456.54, Comm: 100.72
2025-02-09 21:18:20,705 - 2019-10-30 
        TRADE COMPLETED:
        Gross Profit: -1732.49
        Net Profit: -1935.67
        Commission: 203.18
        
2025-02-09 21:18:20,706 - 2019-10-30 BUY CREATE at 58.78, Size: 1712 shares (Trade #54)
2025-02-09 21:18:20,706 - 2019-10-31 BUY EXECUTED - Price: 59.74, Size: 1712 shares, Cost: 102282.32, Comm: 102.28
2025-02-09 21:18:20,706 - 2019-10-31 SELL CREATE at 60.11, Size: 1712 shares (Trade #54)
2025-02-09 21:18:20,706 - 2019-11-01 SELL EXECUTED - Price: 60.30, Size: 1712 shares, Cost: 102282.32, Comm: 103.23
2025-02-09 21:18:20,706 - 2019-11-01 
        TRADE COMPLETED:
        Gross Profit: 951.50
        Net Profit: 745.98
        Commission: 205.52
        
2025-02-09 21:18:20,706 - 2019-11-01 BUY CREATE at 61.82, Size: 1639 shares (Trade #55)
2025-02-09 21:18:20,706 - 2019-11-04 BUY EXECUTED - Price: 62.18, Size: 1639 shares, Cost: 101917.20, Comm: 101.92
2025-02-09 21:18:20,706 - 2019-11-04 SELL CREATE at 62.22, Size: 1639 shares (Trade #55)
2025-02-09 21:18:20,706 - 2019-11-05 SELL EXECUTED - Price: 62.11, Size: 1639 shares, Cost: 101917.20, Comm: 101.81
2025-02-09 21:18:20,706 - 2019-11-05 
        TRADE COMPLETED:
        Gross Profit: -110.89
        Net Profit: -314.61
        Commission: 203.72
        
2025-02-09 21:18:20,706 - 2019-11-05 BUY CREATE at 62.13, Size: 1626 shares (Trade #56)
2025-02-09 21:18:20,706 - 2019-11-06 BUY EXECUTED - Price: 62.05, Size: 1626 shares, Cost: 100888.79, Comm: 100.89
2025-02-09 21:18:20,706 - 2019-11-06 SELL CREATE at 62.16, Size: 1626 shares (Trade #56)
2025-02-09 21:18:20,706 - 2019-11-07 SELL EXECUTED - Price: 62.71, Size: 1626 shares, Cost: 100888.79, Comm: 101.97
2025-02-09 21:18:20,706 - 2019-11-07 
        TRADE COMPLETED:
        Gross Profit: 1079.25
        Net Profit: 876.40
        Commission: 202.86
        
2025-02-09 21:18:20,706 - 2019-11-07 BUY CREATE at 62.88, Size: 1620 shares (Trade #57)
2025-02-09 21:18:20,707 - 2019-11-08 BUY EXECUTED - Price: 62.70, Size: 1620 shares, Cost: 101572.16, Comm: 101.57
2025-02-09 21:18:20,707 - 2019-11-08 SELL CREATE at 63.05, Size: 1620 shares (Trade #57)
2025-02-09 21:18:20,707 - 2019-11-11 SELL EXECUTED - Price: 62.60, Size: 1620 shares, Cost: 101572.16, Comm: 101.42
2025-02-09 21:18:20,707 - 2019-11-11 
        TRADE COMPLETED:
        Gross Profit: -153.15
        Net Profit: -356.14
        Commission: 202.99
        
2025-02-09 21:18:20,707 - 2019-11-11 BUY CREATE at 63.55, Size: 1598 shares (Trade #58)
2025-02-09 21:18:20,707 - 2019-11-12 BUY EXECUTED - Price: 63.39, Size: 1598 shares, Cost: 101300.48, Comm: 101.30
2025-02-09 21:18:20,707 - 2019-11-12 SELL CREATE at 63.49, Size: 1598 shares (Trade #58)
2025-02-09 21:18:20,707 - 2019-11-13 SELL EXECUTED - Price: 63.29, Size: 1598 shares, Cost: 101300.48, Comm: 101.14
2025-02-09 21:18:20,707 - 2019-11-13 
        TRADE COMPLETED:
        Gross Profit: -162.66
        Net Profit: -365.10
        Commission: 202.44
        
2025-02-09 21:18:20,707 - 2019-11-13 BUY CREATE at 64.10, Size: 1578 shares (Trade #59)
2025-02-09 21:18:20,707 - 2019-11-14 BUY EXECUTED - Price: 63.93, Size: 1578 shares, Cost: 100874.04, Comm: 100.87
2025-02-09 21:18:20,707 - 2019-11-14 SELL CREATE at 63.66, Size: 1578 shares (Trade #59)
2025-02-09 21:18:20,707 - 2019-11-15 SELL EXECUTED - Price: 63.91, Size: 1578 shares, Cost: 100874.04, Comm: 100.85
2025-02-09 21:18:20,707 - 2019-11-15 
        TRADE COMPLETED:
        Gross Profit: -26.78
        Net Profit: -228.50
        Commission: 201.72
        
2025-02-09 21:18:20,707 - 2019-11-15 BUY CREATE at 64.41, Size: 1567 shares (Trade #60)
2025-02-09 21:18:20,707 - 2019-11-18 BUY EXECUTED - Price: 64.42, Size: 1567 shares, Cost: 100949.45, Comm: 100.95
2025-02-09 21:18:20,707 - 2019-11-18 SELL CREATE at 64.74, Size: 1567 shares (Trade #60)
2025-02-09 21:18:20,708 - 2019-11-19 SELL EXECUTED - Price: 64.93, Size: 1567 shares, Cost: 100949.45, Comm: 101.75
2025-02-09 21:18:20,708 - 2019-11-19 
        TRADE COMPLETED:
        Gross Profit: 797.54
        Net Profit: 594.84
        Commission: 202.70
        
2025-02-09 21:18:20,708 - 2019-11-19 BUY CREATE at 64.54, Size: 1573 shares (Trade #61)
2025-02-09 21:18:20,708 - 2019-11-20 BUY EXECUTED - Price: 64.36, Size: 1573 shares, Cost: 101236.83, Comm: 101.24
2025-02-09 21:18:20,708 - 2019-11-20 SELL CREATE at 63.79, Size: 1573 shares (Trade #61)
2025-02-09 21:18:20,708 - 2019-11-21 SELL EXECUTED - Price: 63.91, Size: 1573 shares, Cost: 101236.83, Comm: 100.53
2025-02-09 21:18:20,708 - 2019-11-21 
        TRADE COMPLETED:
        Gross Profit: -705.27
        Net Profit: -907.04
        Commission: 201.77
        
2025-02-09 21:18:20,708 - 2019-12-16 BUY CREATE at 67.83, Size: 1484 shares (Trade #62)
2025-02-09 21:18:20,708 - 2019-12-17 BUY EXECUTED - Price: 67.76, Size: 1484 shares, Cost: 100555.20, Comm: 100.56
2025-02-09 21:18:20,708 - 2019-12-17 SELL CREATE at 67.96, Size: 1484 shares (Trade #62)
2025-02-09 21:18:20,709 - 2019-12-18 SELL EXECUTED - Price: 67.82, Size: 1484 shares, Cost: 100555.20, Comm: 100.64
2025-02-09 21:18:20,709 - 2019-12-18 
        TRADE COMPLETED:
        Gross Profit: 82.71
        Net Profit: -118.49
        Commission: 201.19
        
2025-02-09 21:18:20,709 - 2019-12-18 BUY CREATE at 67.80, Size: 1483 shares (Trade #63)
2025-02-09 21:18:20,709 - 2019-12-19 BUY EXECUTED - Price: 67.74, Size: 1483 shares, Cost: 100462.24, Comm: 100.46
2025-02-09 21:18:20,709 - 2019-12-19 SELL CREATE at 67.87, Size: 1483 shares (Trade #63)
2025-02-09 21:18:20,709 - 2019-12-20 SELL EXECUTED - Price: 68.40, Size: 1483 shares, Cost: 100462.24, Comm: 101.44
2025-02-09 21:18:20,709 - 2019-12-20 
        TRADE COMPLETED:
        Gross Profit: 981.29
        Net Profit: 779.38
        Commission: 201.91
        
2025-02-09 21:18:20,709 - 2019-12-20 BUY CREATE at 67.73, Size: 1496 shares (Trade #64)
2025-02-09 21:18:20,709 - 2019-12-23 BUY EXECUTED - Price: 67.99, Size: 1496 shares, Cost: 101716.38, Comm: 101.72
2025-02-09 21:18:20,709 - 2019-12-23 SELL CREATE at 68.83, Size: 1496 shares (Trade #64)
2025-02-09 21:18:20,709 - 2019-12-24 SELL EXECUTED - Price: 69.00, Size: 1496 shares, Cost: 101716.38, Comm: 103.22
2025-02-09 21:18:20,709 - 2019-12-24 
        TRADE COMPLETED:
        Gross Profit: 1508.38
        Net Profit: 1303.44
        Commission: 204.94
        
2025-02-09 21:18:20,710 - 2019-12-24 BUY CREATE at 68.90, Size: 1488 shares (Trade #65)
2025-02-09 21:18:20,710 - 2019-12-26 BUY EXECUTED - Price: 69.03, Size: 1488 shares, Cost: 102719.66, Comm: 102.72
2025-02-09 21:18:20,710 - 2019-12-26 SELL CREATE at 70.27, Size: 1488 shares (Trade #65)
2025-02-09 21:18:20,710 - 2019-12-27 SELL EXECUTED - Price: 70.56, Size: 1488 shares, Cost: 102719.66, Comm: 104.99
2025-02-09 21:18:20,710 - 2019-12-27 
        TRADE COMPLETED:
        Gross Profit: 2272.03
        Net Profit: 2064.32
        Commission: 207.71
        
2025-02-09 21:18:20,710 - 2019-12-27 BUY CREATE at 70.24, Size: 1488 shares (Trade #66)
2025-02-09 21:18:20,710 - 2019-12-30 BUY EXECUTED - Price: 70.16, Size: 1488 shares, Cost: 104393.03, Comm: 104.39
2025-02-09 21:18:20,710 - 2019-12-30 SELL CREATE at 70.66, Size: 1488 shares (Trade #66)
2025-02-09 21:18:20,710 - 2019-12-31 SELL EXECUTED - Price: 70.27, Size: 1488 shares, Cost: 104393.03, Comm: 104.56
2025-02-09 21:18:20,710 - 2019-12-31 
        TRADE COMPLETED:
        Gross Profit: 169.48
        Net Profit: -39.47
        Commission: 208.96
        
2025-02-09 21:18:20,710 - 2019-12-31 BUY CREATE at 71.17, Size: 1468 shares (Trade #67)
2025-02-09 21:18:20,710 - 2020-01-02 BUY EXECUTED - Price: 71.80, Size: 1468 shares, Cost: 105402.20, Comm: 105.40
2025-02-09 21:18:20,710 - 2020-01-02 SELL CREATE at 72.80, Size: 1468 shares (Trade #67)
2025-02-09 21:18:20,710 - 2020-01-03 SELL EXECUTED - Price: 72.02, Size: 1468 shares, Cost: 105402.20, Comm: 105.73
2025-02-09 21:18:20,711 - 2020-01-03 
        TRADE COMPLETED:
        Gross Profit: 323.77
        Net Profit: 112.64
        Commission: 211.13
        
2025-02-09 21:18:20,711 - 2020-01-03 BUY CREATE at 72.09, Size: 1450 shares (Trade #68)
2025-02-09 21:18:20,711 - 2020-01-06 BUY EXECUTED - Price: 71.21, Size: 1450 shares, Cost: 103248.81, Comm: 103.25
2025-02-09 21:18:20,711 - 2020-01-06 SELL CREATE at 72.66, Size: 1450 shares (Trade #68)
2025-02-09 21:18:20,711 - 2020-01-07 SELL EXECUTED - Price: 72.67, Size: 1450 shares, Cost: 103248.81, Comm: 105.37
2025-02-09 21:18:20,711 - 2020-01-07 
        TRADE COMPLETED:
        Gross Profit: 2126.17
        Net Profit: 1917.55
        Commission: 208.62
        
2025-02-09 21:18:20,711 - 2020-01-07 BUY CREATE at 72.32, Size: 1471 shares (Trade #69)
2025-02-09 21:18:20,711 - 2020-01-08 BUY EXECUTED - Price: 72.02, Size: 1471 shares, Cost: 105945.62, Comm: 105.95
2025-02-09 21:18:20,711 - 2020-01-08 SELL CREATE at 73.48, Size: 1471 shares (Trade #69)
2025-02-09 21:18:20,711 - 2020-01-09 SELL EXECUTED - Price: 74.47, Size: 1471 shares, Cost: 105945.62, Comm: 109.54
2025-02-09 21:18:20,711 - 2020-01-09 
        TRADE COMPLETED:
        Gross Profit: 3593.77
        Net Profit: 3378.28
        Commission: 215.49
        
2025-02-09 21:18:20,711 - 2020-01-09 BUY CREATE at 75.05, Size: 1460 shares (Trade #70)
2025-02-09 21:18:20,711 - 2020-01-10 BUY EXECUTED - Price: 75.28, Size: 1460 shares, Cost: 109909.30, Comm: 109.91
2025-02-09 21:18:20,711 - 2020-01-10 SELL CREATE at 75.21, Size: 1460 shares (Trade #70)
2025-02-09 21:18:20,711 - 2020-01-13 SELL EXECUTED - Price: 75.53, Size: 1460 shares, Cost: 109909.30, Comm: 110.28
2025-02-09 21:18:20,711 - 2020-01-13 
        TRADE COMPLETED:
        Gross Profit: 368.01
        Net Profit: 147.82
        Commission: 220.19
        
2025-02-09 21:18:20,712 - 2020-01-13 BUY CREATE at 76.82, Size: 1428 shares (Trade #71)
2025-02-09 21:18:20,712 - 2020-01-14 BUY EXECUTED - Price: 76.76, Size: 1428 shares, Cost: 109611.52, Comm: 109.61
2025-02-09 21:18:20,712 - 2020-01-14 SELL CREATE at 75.78, Size: 1428 shares (Trade #71)
2025-02-09 21:18:20,712 - 2020-01-15 SELL EXECUTED - Price: 75.58, Size: 1428 shares, Cost: 109611.52, Comm: 107.93
2025-02-09 21:18:20,712 - 2020-01-15 
        TRADE COMPLETED:
        Gross Profit: -1678.58
        Net Profit: -1896.12
        Commission: 217.54
        
2025-02-09 21:18:20,712 - 2020-01-15 BUY CREATE at 75.46, Size: 1430 shares (Trade #72)
2025-02-09 21:18:20,712 - 2020-01-16 BUY EXECUTED - Price: 76.00, Size: 1430 shares, Cost: 108687.15, Comm: 108.69
2025-02-09 21:18:20,712 - 2020-01-16 SELL CREATE at 76.40, Size: 1430 shares (Trade #72)
2025-02-09 21:18:20,712 - 2020-01-17 SELL EXECUTED - Price: 76.65, Size: 1430 shares, Cost: 108687.15, Comm: 109.62
2025-02-09 21:18:20,712 - 2020-01-17 
        TRADE COMPLETED:
        Gross Profit: 928.88
        Net Profit: 710.58
        Commission: 218.30
        
2025-02-09 21:18:20,712 - 2020-01-17 BUY CREATE at 77.25, Size: 1406 shares (Trade #73)
2025-02-09 21:18:20,712 - 2020-01-21 BUY EXECUTED - Price: 76.88, Size: 1406 shares, Cost: 108089.82, Comm: 108.09
2025-02-09 21:18:20,712 - 2020-01-21 SELL CREATE at 76.73, Size: 1406 shares (Trade #73)
2025-02-09 21:18:20,712 - 2020-01-22 SELL EXECUTED - Price: 77.21, Size: 1406 shares, Cost: 108089.82, Comm: 108.56
2025-02-09 21:18:20,712 - 2020-01-22 
        TRADE COMPLETED:
        Gross Profit: 473.67
        Net Profit: 257.02
        Commission: 216.65
        
2025-02-09 21:18:20,712 - 2020-01-22 BUY CREATE at 77.00, Size: 1414 shares (Trade #74)
2025-02-09 21:18:20,713 - 2020-01-23 BUY EXECUTED - Price: 77.05, Size: 1414 shares, Cost: 108955.04, Comm: 108.96
2025-02-09 21:18:20,713 - 2020-01-23 SELL CREATE at 77.37, Size: 1414 shares (Trade #74)
2025-02-09 21:18:20,713 - 2020-01-24 SELL EXECUTED - Price: 77.62, Size: 1414 shares, Cost: 108955.04, Comm: 109.75
2025-02-09 21:18:20,713 - 2020-01-24 
        TRADE COMPLETED:
        Gross Profit: 798.51
        Net Profit: 579.81
        Commission: 218.71
        
2025-02-09 21:18:20,713 - 2020-02-24 BUY CREATE at 72.44, Size: 1510 shares (Trade #75)
2025-02-09 21:18:20,713 - 2020-02-25 BUY EXECUTED - Price: 73.11, Size: 1510 shares, Cost: 110403.01, Comm: 110.40
2025-02-09 21:18:20,713 - 2020-02-25 SELL CREATE at 69.99, Size: 1510 shares (Trade #75)
2025-02-09 21:18:20,713 - 2020-02-26 SELL EXECUTED - Price: 69.61, Size: 1510 shares, Cost: 110403.01, Comm: 105.11
2025-02-09 21:18:20,714 - 2020-02-26 
        TRADE COMPLETED:
        Gross Profit: -5290.00
        Net Profit: -5505.51
        Commission: 215.52
        
2025-02-09 21:18:20,714 - 2020-02-26 BUY CREATE at 71.10, Size: 1465 shares (Trade #76)
2025-02-09 21:18:20,714 - 2020-02-27 BUY EXECUTED - Price: 68.29, Size: 1465 shares, Cost: 100047.89, Comm: 100.05
2025-02-09 21:18:20,714 - 2020-02-27 SELL CREATE at 66.45, Size: 1465 shares (Trade #76)
2025-02-09 21:18:20,714 - 2020-02-28 SELL EXECUTED - Price: 62.50, Size: 1465 shares, Cost: 100047.89, Comm: 91.56
2025-02-09 21:18:20,714 - 2020-02-28 
        TRADE COMPLETED:
        Gross Profit: -8485.04
        Net Profit: -8676.65
        Commission: 191.61
        
2025-02-09 21:18:20,714 - 2020-02-28 BUY CREATE at 66.41, Size: 1444 shares (Trade #77)
2025-02-09 21:18:20,714 - 2020-03-02 BUY EXECUTED - Price: 68.58, Size: 1444 shares, Cost: 99027.71, Comm: 99.03
2025-02-09 21:18:20,714 - 2020-03-02 SELL CREATE at 72.59, Size: 1444 shares (Trade #77)
2025-02-09 21:18:20,714 - 2020-03-03 SELL EXECUTED - Price: 73.78, Size: 1444 shares, Cost: 99027.71, Comm: 106.53
2025-02-09 21:18:20,714 - 2020-03-03 
        TRADE COMPLETED:
        Gross Profit: 7503.91
        Net Profit: 7298.35
        Commission: 205.56
        
2025-02-09 21:18:20,714 - 2020-03-03 BUY CREATE at 70.29, Size: 1463 shares (Trade #78)
2025-02-09 21:18:20,714 - 2020-03-04 BUY EXECUTED - Price: 72.02, Size: 1463 shares, Cost: 105363.61, Comm: 105.36
2025-02-09 21:18:20,714 - 2020-03-04 SELL CREATE at 73.55, Size: 1463 shares (Trade #78)
2025-02-09 21:18:20,714 - 2020-03-05 SELL EXECUTED - Price: 71.80, Size: 1463 shares, Cost: 105363.61, Comm: 105.04
2025-02-09 21:18:20,714 - 2020-03-05 
        TRADE COMPLETED:
        Gross Profit: -326.99
        Net Profit: -537.40
        Commission: 210.40
        
2025-02-09 21:18:20,715 - 2020-03-06 BUY CREATE at 70.22, Size: 1458 shares (Trade #79)
2025-02-09 21:18:20,715 - 2020-03-09 BUY EXECUTED - Price: 64.08, Size: 1458 shares, Cost: 93424.23, Comm: 93.42
2025-02-09 21:18:20,715 - 2020-03-09 SELL CREATE at 64.66, Size: 1458 shares (Trade #79)
2025-02-09 21:18:20,715 - 2020-03-10 SELL EXECUTED - Price: 67.33, Size: 1458 shares, Cost: 93424.23, Comm: 98.17
2025-02-09 21:18:20,715 - 2020-03-10 
        TRADE COMPLETED:
        Gross Profit: 4742.94
        Net Profit: 4551.35
        Commission: 191.59
        
2025-02-09 21:18:20,715 - 2020-03-10 BUY CREATE at 69.32, Size: 1539 shares (Trade #80)
2025-02-09 21:18:20,715 - 2020-03-11 BUY EXECUTED - Price: 67.39, Size: 1539 shares, Cost: 103714.36, Comm: 103.71
2025-02-09 21:18:20,715 - 2020-03-11 SELL CREATE at 66.91, Size: 1539 shares (Trade #80)
2025-02-09 21:18:20,715 - 2020-03-12 SELL EXECUTED - Price: 62.18, Size: 1539 shares, Cost: 103714.36, Comm: 95.69
2025-02-09 21:18:20,715 - 2020-03-12 
        TRADE COMPLETED:
        Gross Profit: -8020.02
        Net Profit: -8219.43
        Commission: 199.41
        
2025-02-09 21:18:20,715 - 2020-03-12 BUY CREATE at 60.31, Size: 1639 shares (Trade #81)
2025-02-09 21:18:20,715 - 2020-03-13 Order Failed with Status: Margin
2025-02-09 21:18:20,715 - 2020-03-16 BUY CREATE at 58.84, Size: 1680 shares (Trade #82)
2025-02-09 21:18:20,715 - 2020-03-17 BUY EXECUTED - Price: 60.13, Size: 1680 shares, Cost: 101020.97, Comm: 101.02
2025-02-09 21:18:20,715 - 2020-03-17 SELL CREATE at 61.43, Size: 1680 shares (Trade #82)
2025-02-09 21:18:20,716 - 2020-03-18 SELL EXECUTED - Price: 58.25, Size: 1680 shares, Cost: 101020.97, Comm: 97.86
2025-02-09 21:18:20,716 - 2020-03-18 
        TRADE COMPLETED:
        Gross Profit: -3159.10
        Net Profit: -3357.98
        Commission: 198.88
        
2025-02-09 21:18:20,716 - 2020-03-18 BUY CREATE at 59.93, Size: 1597 shares (Trade #83)
2025-02-09 21:18:20,716 - 2020-03-19 BUY EXECUTED - Price: 60.10, Size: 1597 shares, Cost: 95983.48, Comm: 95.98
2025-02-09 21:18:20,716 - 2020-03-19 SELL CREATE at 59.47, Size: 1597 shares (Trade #83)
2025-02-09 21:18:20,716 - 2020-03-20 SELL EXECUTED - Price: 60.05, Size: 1597 shares, Cost: 95983.48, Comm: 95.90
2025-02-09 21:18:20,716 - 2020-03-20 
        TRADE COMPLETED:
        Gross Profit: -81.47
        Net Profit: -273.36
        Commission: 191.89
        
2025-02-09 21:18:20,716 - 2020-03-20 BUY CREATE at 55.69, Size: 1713 shares (Trade #84)
2025-02-09 21:18:20,716 - 2020-03-23 BUY EXECUTED - Price: 55.41, Size: 1713 shares, Cost: 94919.19, Comm: 94.92
2025-02-09 21:18:20,716 - 2020-03-23 SELL CREATE at 54.51, Size: 1713 shares (Trade #84)
2025-02-09 21:18:20,716 - 2020-03-24 SELL EXECUTED - Price: 57.42, Size: 1713 shares, Cost: 94919.19, Comm: 98.37
2025-02-09 21:18:20,716 - 2020-03-24 
        TRADE COMPLETED:
        Gross Profit: 3445.86
        Net Profit: 3252.58
        Commission: 193.28
        
2025-02-09 21:18:20,716 - 2020-03-24 BUY CREATE at 59.98, Size: 1642 shares (Trade #85)
2025-02-09 21:18:20,716 - 2020-03-25 BUY EXECUTED - Price: 60.92, Size: 1642 shares, Cost: 100028.45, Comm: 100.03
2025-02-09 21:18:20,716 - 2020-03-25 SELL CREATE at 59.65, Size: 1642 shares (Trade #85)
2025-02-09 21:18:20,716 - 2020-03-26 SELL EXECUTED - Price: 59.89, Size: 1642 shares, Cost: 100028.45, Comm: 98.34
2025-02-09 21:18:20,716 - 2020-03-26 
        TRADE COMPLETED:
        Gross Profit: -1687.42
        Net Profit: -1885.79
        Commission: 198.37
        
2025-02-09 21:18:20,716 - 2020-03-27 BUY CREATE at 60.19, Size: 1607 shares (Trade #86)
2025-02-09 21:18:20,717 - 2020-03-30 BUY EXECUTED - Price: 60.92, Size: 1607 shares, Cost: 97892.41, Comm: 97.89
2025-02-09 21:18:20,717 - 2020-04-01 SELL CREATE at 58.53, Size: 1607 shares (Trade #86)
2025-02-09 21:18:20,717 - 2020-04-02 SELL EXECUTED - Price: 58.39, Size: 1607 shares, Cost: 97892.41, Comm: 93.83
2025-02-09 21:18:20,717 - 2020-04-02 
        TRADE COMPLETED:
        Gross Profit: -4060.32
        Net Profit: -4252.04
        Commission: 191.72
        
2025-02-09 21:18:20,717 - 2020-04-02 BUY CREATE at 59.50, Size: 1558 shares (Trade #87)
2025-02-09 21:18:20,717 - 2020-04-03 BUY EXECUTED - Price: 58.99, Size: 1558 shares, Cost: 91902.14, Comm: 91.90
2025-02-09 21:18:20,717 - 2020-04-13 SELL CREATE at 66.38, Size: 1558 shares (Trade #87)
2025-02-09 21:18:20,717 - 2020-04-14 SELL EXECUTED - Price: 68.02, Size: 1558 shares, Cost: 91902.14, Comm: 105.98
2025-02-09 21:18:20,717 - 2020-04-14 
        TRADE COMPLETED:
        Gross Profit: 14080.57
        Net Profit: 13882.69
        Commission: 197.88
        
2025-02-09 21:18:20,717 - 2020-04-14 BUY CREATE at 69.74, Size: 1518 shares (Trade #88)
2025-02-09 21:18:20,717 - 2020-04-15 BUY EXECUTED - Price: 68.61, Size: 1518 shares, Cost: 104146.81, Comm: 104.15
2025-02-09 21:18:20,717 - 2020-04-15 SELL CREATE at 69.10, Size: 1518 shares (Trade #88)
2025-02-09 21:18:20,718 - 2020-04-16 SELL EXECUTED - Price: 69.82, Size: 1518 shares, Cost: 104146.81, Comm: 105.98
2025-02-09 21:18:20,718 - 2020-04-16 
        TRADE COMPLETED:
        Gross Profit: 1836.58
        Net Profit: 1626.45
        Commission: 210.13
        
2025-02-09 21:18:20,718 - 2020-04-16 BUY CREATE at 69.65, Size: 1542 shares (Trade #89)
2025-02-09 21:18:20,718 - 2020-04-17 BUY EXECUTED - Price: 69.16, Size: 1542 shares, Cost: 106651.26, Comm: 106.65
2025-02-09 21:18:20,718 - 2020-04-20 SELL CREATE at 67.28, Size: 1542 shares (Trade #89)
2025-02-09 21:18:20,718 - 2020-04-21 SELL EXECUTED - Price: 67.12, Size: 1542 shares, Cost: 106651.26, Comm: 103.50
2025-02-09 21:18:20,718 - 2020-04-21 
        TRADE COMPLETED:
        Gross Profit: -3150.55
        Net Profit: -3360.70
        Commission: 210.15
        
2025-02-09 21:18:20,718 - 2020-04-21 BUY CREATE at 65.20, Size: 1598 shares (Trade #90)
2025-02-09 21:18:20,718 - 2020-04-22 BUY EXECUTED - Price: 66.47, Size: 1598 shares, Cost: 106222.93, Comm: 106.22
2025-02-09 21:18:20,718 - 2020-04-30 SELL CREATE at 71.38, Size: 1598 shares (Trade #90)
2025-02-09 21:18:20,718 - 2020-05-01 SELL EXECUTED - Price: 69.54, Size: 1598 shares, Cost: 106222.93, Comm: 111.13
2025-02-09 21:18:20,718 - 2020-05-01 
        TRADE COMPLETED:
        Gross Profit: 4907.17
        Net Profit: 4689.81
        Commission: 217.35
        
2025-02-09 21:18:20,719 - 2020-05-01 BUY CREATE at 70.23, Size: 1547 shares (Trade #91)
2025-02-09 21:18:20,719 - 2020-05-04 BUY EXECUTED - Price: 70.25, Size: 1547 shares, Cost: 108680.85, Comm: 108.68
2025-02-09 21:18:20,719 - 2020-05-05 SELL CREATE at 72.29, Size: 1547 shares (Trade #91)
2025-02-09 21:18:20,719 - 2020-05-06 SELL EXECUTED - Price: 73.00, Size: 1547 shares, Cost: 108680.85, Comm: 112.92
2025-02-09 21:18:20,719 - 2020-05-06 
        TRADE COMPLETED:
        Gross Profit: 4243.21
        Net Profit: 4021.61
        Commission: 221.60
        
2025-02-09 21:18:20,719 - 2020-05-06 BUY CREATE at 73.04, Size: 1540 shares (Trade #92)
2025-02-09 21:18:20,719 - 2020-05-07 BUY EXECUTED - Price: 73.67, Size: 1540 shares, Cost: 113445.69, Comm: 113.45
2025-02-09 21:18:20,719 - 2020-05-07 SELL CREATE at 73.79, Size: 1540 shares (Trade #92)
2025-02-09 21:18:20,719 - 2020-05-08 SELL EXECUTED - Price: 74.45, Size: 1540 shares, Cost: 113445.69, Comm: 114.66
2025-02-09 21:18:20,719 - 2020-05-08 
        TRADE COMPLETED:
        Gross Profit: 1215.00
        Net Profit: 986.89
        Commission: 228.11
        
2025-02-09 21:18:20,719 - 2020-05-08 BUY CREATE at 75.55, Size: 1501 shares (Trade #93)
2025-02-09 21:18:20,719 - 2020-05-11 BUY EXECUTED - Price: 75.05, Size: 1501 shares, Cost: 112656.41, Comm: 112.66
2025-02-09 21:18:20,719 - 2020-05-11 SELL CREATE at 76.74, Size: 1501 shares (Trade #93)
2025-02-09 21:18:20,719 - 2020-05-12 SELL EXECUTED - Price: 77.42, Size: 1501 shares, Cost: 112656.41, Comm: 116.21
2025-02-09 21:18:20,719 - 2020-05-12 
        TRADE COMPLETED:
        Gross Profit: 3557.75
        Net Profit: 3328.88
        Commission: 228.87
        
2025-02-09 21:18:20,719 - 2020-05-12 BUY CREATE at 75.86, Size: 1537 shares (Trade #94)
2025-02-09 21:18:20,720 - 2020-05-13 BUY EXECUTED - Price: 76.04, Size: 1537 shares, Cost: 116874.74, Comm: 116.87
2025-02-09 21:18:20,720 - 2020-05-13 SELL CREATE at 74.94, Size: 1537 shares (Trade #94)
2025-02-09 21:18:20,720 - 2020-05-14 SELL EXECUTED - Price: 74.18, Size: 1537 shares, Cost: 116874.74, Comm: 114.01
2025-02-09 21:18:20,720 - 2020-05-14 
        TRADE COMPLETED:
        Gross Profit: -2860.56
        Net Profit: -3091.45
        Commission: 230.89
        
2025-02-09 21:18:20,720 - 2020-05-14 BUY CREATE at 75.41, Size: 1507 shares (Trade #95)
2025-02-09 21:18:20,720 - 2020-05-15 BUY EXECUTED - Price: 73.17, Size: 1507 shares, Cost: 110261.61, Comm: 110.26
2025-02-09 21:18:20,720 - 2020-05-15 SELL CREATE at 74.96, Size: 1507 shares (Trade #95)
2025-02-09 21:18:20,720 - 2020-05-18 SELL EXECUTED - Price: 76.29, Size: 1507 shares, Cost: 110261.61, Comm: 114.97
2025-02-09 21:18:20,720 - 2020-05-18 
        TRADE COMPLETED:
        Gross Profit: 4706.36
        Net Profit: 4481.13
        Commission: 225.23
        
2025-02-09 21:18:20,720 - 2020-05-18 BUY CREATE at 76.73, Size: 1537 shares (Trade #96)
2025-02-09 21:18:20,720 - 2020-05-19 BUY EXECUTED - Price: 76.74, Size: 1537 shares, Cost: 117953.10, Comm: 117.95
2025-02-09 21:18:20,720 - 2020-05-19 SELL CREATE at 76.28, Size: 1537 shares (Trade #96)
2025-02-09 21:18:20,720 - 2020-05-20 SELL EXECUTED - Price: 77.14, Size: 1537 shares, Cost: 117953.10, Comm: 118.57
2025-02-09 21:18:20,720 - 2020-05-20 
        TRADE COMPLETED:
        Gross Profit: 617.77
        Net Profit: 381.25
        Commission: 236.52
        
2025-02-09 21:18:20,721 - 2020-05-20 BUY CREATE at 77.77, Size: 1521 shares (Trade #97)
2025-02-09 21:18:20,721 - 2020-05-21 BUY EXECUTED - Price: 77.63, Size: 1521 shares, Cost: 118070.20, Comm: 118.07
2025-02-09 21:18:20,721 - 2020-05-21 SELL CREATE at 77.19, Size: 1521 shares (Trade #97)
2025-02-09 21:18:20,721 - 2020-05-22 SELL EXECUTED - Price: 76.92, Size: 1521 shares, Cost: 118070.20, Comm: 117.00
2025-02-09 21:18:20,721 - 2020-05-22 
        TRADE COMPLETED:
        Gross Profit: -1070.82
        Net Profit: -1305.89
        Commission: 235.07
        
2025-02-09 21:18:20,721 - 2020-05-22 BUY CREATE at 77.68, Size: 1506 shares (Trade #98)
2025-02-09 21:18:20,721 - 2020-05-26 BUY EXECUTED - Price: 78.81, Size: 1506 shares, Cost: 118681.42, Comm: 118.68
2025-02-09 21:18:20,721 - 2020-05-26 SELL CREATE at 77.16, Size: 1506 shares (Trade #98)
2025-02-09 21:18:20,721 - 2020-05-27 SELL EXECUTED - Price: 77.01, Size: 1506 shares, Cost: 118681.42, Comm: 115.98
2025-02-09 21:18:20,721 - 2020-05-27 
        TRADE COMPLETED:
        Gross Profit: -2700.10
        Net Profit: -2934.76
        Commission: 234.66
        
2025-02-09 21:18:20,721 - 2020-06-08 BUY CREATE at 81.23, Size: 1406 shares (Trade #99)
2025-02-09 21:18:20,722 - 2020-06-09 BUY EXECUTED - Price: 80.91, Size: 1406 shares, Cost: 113760.11, Comm: 113.76
2025-02-09 21:18:20,722 - 2020-06-09 SELL CREATE at 83.80, Size: 1406 shares (Trade #99)
2025-02-09 21:18:20,722 - 2020-06-10 SELL EXECUTED - Price: 84.75, Size: 1406 shares, Cost: 113760.11, Comm: 119.16
2025-02-09 21:18:20,722 - 2020-06-10 
        TRADE COMPLETED:
        Gross Profit: 5397.93
        Net Profit: 5165.01
        Commission: 232.92
        
2025-02-09 21:18:20,722 - 2020-06-10 BUY CREATE at 85.95, Size: 1386 shares (Trade #100)
2025-02-09 21:18:20,722 - 2020-06-11 BUY EXECUTED - Price: 85.09, Size: 1386 shares, Cost: 117939.08, Comm: 117.94
2025-02-09 21:18:20,722 - 2020-06-11 SELL CREATE at 81.83, Size: 1386 shares (Trade #100)
2025-02-09 21:18:20,722 - 2020-06-12 SELL EXECUTED - Price: 83.97, Size: 1386 shares, Cost: 117939.08, Comm: 116.39
2025-02-09 21:18:20,722 - 2020-06-12 
        TRADE COMPLETED:
        Gross Profit: -1549.76
        Net Profit: -1784.09
        Commission: 234.33
        
2025-02-09 21:18:20,722 - 2020-06-12 BUY CREATE at 82.53, Size: 1423 shares (Trade #101)
2025-02-09 21:18:20,722 - 2020-06-15 BUY EXECUTED - Price: 81.18, Size: 1423 shares, Cost: 115520.37, Comm: 115.52
2025-02-09 21:18:20,722 - 2020-06-15 SELL CREATE at 83.55, Size: 1423 shares (Trade #101)
2025-02-09 21:18:20,722 - 2020-06-16 SELL EXECUTED - Price: 85.62, Size: 1423 shares, Cost: 115520.37, Comm: 121.83
2025-02-09 21:18:20,722 - 2020-06-16 
        TRADE COMPLETED:
        Gross Profit: 6312.50
        Net Profit: 6075.14
        Commission: 237.35
        
2025-02-09 21:18:20,722 - 2020-06-16 BUY CREATE at 85.77, Size: 1437 shares (Trade #102)
2025-02-09 21:18:20,722 - 2020-06-17 BUY EXECUTED - Price: 86.52, Size: 1437 shares, Cost: 124323.19, Comm: 124.32
2025-02-09 21:18:20,723 - 2020-06-17 SELL CREATE at 85.65, Size: 1437 shares (Trade #102)
2025-02-09 21:18:20,723 - 2020-06-18 SELL EXECUTED - Price: 85.60, Size: 1437 shares, Cost: 124323.19, Comm: 123.01
2025-02-09 21:18:20,723 - 2020-06-18 
        TRADE COMPLETED:
        Gross Profit: -1309.22
        Net Profit: -1556.56
        Commission: 247.34
        
2025-02-09 21:18:20,723 - 2020-06-18 BUY CREATE at 85.68, Size: 1421 shares (Trade #103)
2025-02-09 21:18:20,723 - 2020-06-19 BUY EXECUTED - Price: 86.39, Size: 1421 shares, Cost: 122762.39, Comm: 122.76
2025-02-09 21:18:20,723 - 2020-06-19 SELL CREATE at 85.19, Size: 1421 shares (Trade #103)
2025-02-09 21:18:20,723 - 2020-06-22 SELL EXECUTED - Price: 85.59, Size: 1421 shares, Cost: 122762.39, Comm: 121.62
2025-02-09 21:18:20,723 - 2020-06-22 
        TRADE COMPLETED:
        Gross Profit: -1142.33
        Net Profit: -1386.71
        Commission: 244.38
        
2025-02-09 21:18:20,723 - 2020-06-22 BUY CREATE at 87.42, Size: 1377 shares (Trade #104)
2025-02-09 21:18:20,723 - 2020-06-23 BUY EXECUTED - Price: 88.67, Size: 1377 shares, Cost: 122100.88, Comm: 122.10
2025-02-09 21:18:20,723 - 2020-06-23 SELL CREATE at 89.29, Size: 1377 shares (Trade #104)
2025-02-09 21:18:20,723 - 2020-06-24 SELL EXECUTED - Price: 88.92, Size: 1377 shares, Cost: 122100.88, Comm: 122.44
2025-02-09 21:18:20,724 - 2020-06-24 
        TRADE COMPLETED:
        Gross Profit: 335.44
        Net Profit: 90.90
        Commission: 244.54
        
2025-02-09 21:18:20,724 - 2020-06-24 BUY CREATE at 87.71, Size: 1374 shares (Trade #105)
2025-02-09 21:18:20,724 - 2020-06-25 BUY EXECUTED - Price: 87.87, Size: 1374 shares, Cost: 120730.33, Comm: 120.73
2025-02-09 21:18:20,724 - 2020-06-25 SELL CREATE at 88.88, Size: 1374 shares (Trade #105)
2025-02-09 21:18:20,724 - 2020-06-26 SELL EXECUTED - Price: 88.77, Size: 1374 shares, Cost: 120730.33, Comm: 121.97
2025-02-09 21:18:20,724 - 2020-06-26 
        TRADE COMPLETED:
        Gross Profit: 1241.77
        Net Profit: 999.07
        Commission: 242.70
        
2025-02-09 21:18:20,724 - 2020-06-26 BUY CREATE at 86.15, Size: 1410 shares (Trade #106)
2025-02-09 21:18:20,724 - 2020-06-29 BUY EXECUTED - Price: 86.05, Size: 1410 shares, Cost: 121334.64, Comm: 121.33
2025-02-09 21:18:20,724 - 2020-06-29 SELL CREATE at 88.13, Size: 1410 shares (Trade #106)
2025-02-09 21:18:20,724 - 2020-06-30 SELL EXECUTED - Price: 87.72, Size: 1410 shares, Cost: 121334.64, Comm: 123.68
2025-02-09 21:18:20,724 - 2020-06-30 
        TRADE COMPLETED:
        Gross Profit: 2345.96
        Net Profit: 2100.94
        Commission: 245.02
        
2025-02-09 21:18:20,724 - 2020-07-08 BUY CREATE at 92.90, Size: 1329 shares (Trade #107)
2025-02-09 21:18:20,724 - 2020-07-09 BUY EXECUTED - Price: 93.80, Size: 1329 shares, Cost: 124659.57, Comm: 124.66
2025-02-09 21:18:20,724 - 2020-07-09 SELL CREATE at 93.30, Size: 1329 shares (Trade #107)
2025-02-09 21:18:20,725 - 2020-07-10 SELL EXECUTED - Price: 92.90, Size: 1329 shares, Cost: 124659.57, Comm: 123.46
2025-02-09 21:18:20,725 - 2020-07-10 
        TRADE COMPLETED:
        Gross Profit: -1201.09
        Net Profit: -1449.21
        Commission: 248.12
        
2025-02-09 21:18:20,725 - 2020-07-10 BUY CREATE at 93.47, Size: 1306 shares (Trade #108)
2025-02-09 21:18:20,725 - 2020-07-13 BUY EXECUTED - Price: 94.78, Size: 1306 shares, Cost: 123777.94, Comm: 123.78
2025-02-09 21:18:20,725 - 2020-07-13 SELL CREATE at 93.03, Size: 1306 shares (Trade #108)
2025-02-09 21:18:20,725 - 2020-07-14 SELL EXECUTED - Price: 92.41, Size: 1306 shares, Cost: 123777.94, Comm: 120.69
2025-02-09 21:18:20,725 - 2020-07-14 
        TRADE COMPLETED:
        Gross Profit: -3086.00
        Net Profit: -3330.46
        Commission: 244.47
        
2025-02-09 21:18:20,725 - 2020-07-14 BUY CREATE at 94.57, Size: 1257 shares (Trade #109)
2025-02-09 21:18:20,725 - 2020-07-15 BUY EXECUTED - Price: 96.46, Size: 1257 shares, Cost: 121246.74, Comm: 121.25
2025-02-09 21:18:20,725 - 2020-07-15 SELL CREATE at 95.22, Size: 1257 shares (Trade #109)
2025-02-09 21:18:20,725 - 2020-07-16 SELL EXECUTED - Price: 94.09, Size: 1257 shares, Cost: 121246.74, Comm: 118.27
2025-02-09 21:18:20,725 - 2020-07-16 
        TRADE COMPLETED:
        Gross Profit: -2973.28
        Net Profit: -3212.80
        Commission: 239.52
        
2025-02-09 21:18:20,725 - 2020-07-16 BUY CREATE at 94.05, Size: 1232 shares (Trade #110)
2025-02-09 21:18:20,725 - 2020-07-17 BUY EXECUTED - Price: 94.51, Size: 1232 shares, Cost: 116431.37, Comm: 116.43
2025-02-09 21:18:20,725 - 2020-07-17 SELL CREATE at 93.86, Size: 1232 shares (Trade #110)
2025-02-09 21:18:20,725 - 2020-07-20 SELL EXECUTED - Price: 93.95, Size: 1232 shares, Cost: 116431.37, Comm: 115.75
2025-02-09 21:18:20,725 - 2020-07-20 
        TRADE COMPLETED:
        Gross Profit: -684.28
        Net Profit: -916.46
        Commission: 232.18
        
2025-02-09 21:18:20,726 - 2020-07-20 BUY CREATE at 95.84, Size: 1200 shares (Trade #111)
2025-02-09 21:18:20,726 - 2020-07-21 BUY EXECUTED - Price: 96.64, Size: 1200 shares, Cost: 115962.09, Comm: 115.96
2025-02-09 21:18:20,726 - 2020-07-21 SELL CREATE at 94.52, Size: 1200 shares (Trade #111)
2025-02-09 21:18:20,726 - 2020-07-22 SELL EXECUTED - Price: 94.22, Size: 1200 shares, Cost: 115962.09, Comm: 113.06
2025-02-09 21:18:20,726 - 2020-07-22 
        TRADE COMPLETED:
        Gross Profit: -2899.87
        Net Profit: -3128.89
        Commission: 229.02
        
2025-02-09 21:18:20,726 - 2020-07-31 BUY CREATE at 103.54, Size: 1082 shares (Trade #112)
2025-02-09 21:18:20,726 - 2020-08-03 BUY EXECUTED - Price: 105.43, Size: 1082 shares, Cost: 114076.99, Comm: 114.08
2025-02-09 21:18:20,726 - 2020-08-03 SELL CREATE at 106.15, Size: 1082 shares (Trade #112)
2025-02-09 21:18:20,726 - 2020-08-04 SELL EXECUTED - Price: 106.34, Size: 1082 shares, Cost: 114076.99, Comm: 115.06
2025-02-09 21:18:20,726 - 2020-08-04 
        TRADE COMPLETED:
        Gross Profit: 983.15
        Net Profit: 754.01
        Commission: 229.14
        
2025-02-09 21:18:20,726 - 2020-08-04 BUY CREATE at 106.86, Size: 1055 shares (Trade #113)
2025-02-09 21:18:20,726 - 2020-08-05 BUY EXECUTED - Price: 106.58, Size: 1055 shares, Cost: 112440.80, Comm: 112.44
2025-02-09 21:18:20,726 - 2020-08-05 SELL CREATE at 107.25, Size: 1055 shares (Trade #113)
2025-02-09 21:18:20,727 - 2020-08-06 SELL EXECUTED - Price: 107.58, Size: 1055 shares, Cost: 112440.80, Comm: 113.50
2025-02-09 21:18:20,727 - 2020-08-06 
        TRADE COMPLETED:
        Gross Profit: 1056.29
        Net Profit: 830.35
        Commission: 225.94
        
2025-02-09 21:18:20,727 - 2020-08-06 BUY CREATE at 110.99, Size: 1023 shares (Trade #114)
2025-02-09 21:18:20,727 - 2020-08-07 BUY EXECUTED - Price: 110.51, Size: 1023 shares, Cost: 113049.09, Comm: 113.05
2025-02-09 21:18:20,727 - 2020-08-07 SELL CREATE at 108.46, Size: 1023 shares (Trade #114)
2025-02-09 21:18:20,727 - 2020-08-10 SELL EXECUTED - Price: 109.92, Size: 1023 shares, Cost: 113049.09, Comm: 112.44
2025-02-09 21:18:20,727 - 2020-08-10 
        TRADE COMPLETED:
        Gross Profit: -604.15
        Net Profit: -829.65
        Commission: 225.49
        
2025-02-09 21:18:20,727 - 2020-08-10 BUY CREATE at 110.04, Size: 1024 shares (Trade #115)
2025-02-09 21:18:20,727 - 2020-08-11 BUY EXECUTED - Price: 109.30, Size: 1024 shares, Cost: 111925.10, Comm: 111.93
2025-02-09 21:18:20,727 - 2020-08-11 SELL CREATE at 106.77, Size: 1024 shares (Trade #115)
2025-02-09 21:18:20,727 - 2020-08-12 SELL EXECUTED - Price: 107.86, Size: 1024 shares, Cost: 111925.10, Comm: 110.45
2025-02-09 21:18:20,727 - 2020-08-12 
        TRADE COMPLETED:
        Gross Profit: -1471.93
        Net Profit: -1694.30
        Commission: 222.38
        
2025-02-09 21:18:20,727 - 2020-08-12 BUY CREATE at 110.32, Size: 1007 shares (Trade #116)
2025-02-09 21:18:20,727 - 2020-08-13 BUY EXECUTED - Price: 111.70, Size: 1007 shares, Cost: 112485.15, Comm: 112.49
2025-02-09 21:18:20,727 - 2020-08-13 SELL CREATE at 112.27, Size: 1007 shares (Trade #116)
2025-02-09 21:18:20,727 - 2020-08-14 SELL EXECUTED - Price: 112.09, Size: 1007 shares, Cost: 112485.15, Comm: 112.88
2025-02-09 21:18:20,727 - 2020-08-14 
        TRADE COMPLETED:
        Gross Profit: 393.19
        Net Profit: 167.82
        Commission: 225.36
        
2025-02-09 21:18:20,728 - 2020-08-14 BUY CREATE at 112.17, Size: 992 shares (Trade #117)
2025-02-09 21:18:20,728 - 2020-08-17 BUY EXECUTED - Price: 113.30, Size: 992 shares, Cost: 112390.45, Comm: 112.39
2025-02-09 21:18:20,728 - 2020-08-17 SELL CREATE at 111.88, Size: 992 shares (Trade #117)
2025-02-09 21:18:20,728 - 2020-08-18 SELL EXECUTED - Price: 111.63, Size: 992 shares, Cost: 112390.45, Comm: 110.73
2025-02-09 21:18:20,728 - 2020-08-18 
        TRADE COMPLETED:
        Gross Profit: -1655.90
        Net Profit: -1879.02
        Commission: 223.13
        
2025-02-09 21:18:20,728 - 2020-08-18 BUY CREATE at 112.81, Size: 971 shares (Trade #118)
2025-02-09 21:18:20,728 - 2020-08-19 BUY EXECUTED - Price: 113.22, Size: 971 shares, Cost: 109935.39, Comm: 109.94
2025-02-09 21:18:20,728 - 2020-08-19 SELL CREATE at 112.95, Size: 971 shares (Trade #118)
2025-02-09 21:18:20,728 - 2020-08-20 SELL EXECUTED - Price: 112.99, Size: 971 shares, Cost: 109935.39, Comm: 109.72
2025-02-09 21:18:20,728 - 2020-08-20 
        TRADE COMPLETED:
        Gross Profit: -220.37
        Net Profit: -440.03
        Commission: 219.65
        
2025-02-09 21:18:20,728 - 2020-08-20 BUY CREATE at 115.46, Size: 945 shares (Trade #119)
2025-02-09 21:18:20,728 - 2020-08-21 BUY EXECUTED - Price: 116.42, Size: 945 shares, Cost: 110017.44, Comm: 110.02
2025-02-09 21:18:20,728 - 2020-08-21 SELL CREATE at 121.41, Size: 945 shares (Trade #119)
2025-02-09 21:18:20,728 - 2020-08-24 SELL EXECUTED - Price: 125.63, Size: 945 shares, Cost: 110017.44, Comm: 118.72
2025-02-09 21:18:20,728 - 2020-08-24 
        TRADE COMPLETED:
        Gross Profit: 8703.61
        Net Profit: 8474.87
        Commission: 228.74
        
2025-02-09 21:18:20,728 - 2020-08-24 BUY CREATE at 122.86, Size: 953 shares (Trade #120)
2025-02-09 21:18:20,729 - 2020-08-25 BUY EXECUTED - Price: 121.73, Size: 953 shares, Cost: 116004.94, Comm: 116.00
2025-02-09 21:18:20,729 - 2020-08-25 SELL CREATE at 121.85, Size: 953 shares (Trade #120)
2025-02-09 21:18:20,729 - 2020-08-26 SELL EXECUTED - Price: 123.17, Size: 953 shares, Cost: 116004.94, Comm: 117.38
2025-02-09 21:18:20,729 - 2020-08-26 
        TRADE COMPLETED:
        Gross Profit: 1379.18
        Net Profit: 1145.79
        Commission: 233.39
        
2025-02-09 21:18:20,729 - 2020-08-26 BUY CREATE at 123.51, Size: 957 shares (Trade #121)
2025-02-09 21:18:20,729 - 2020-08-27 BUY EXECUTED - Price: 124.11, Size: 957 shares, Cost: 118775.95, Comm: 118.78
2025-02-09 21:18:20,729 - 2020-08-27 SELL CREATE at 122.03, Size: 957 shares (Trade #121)
2025-02-09 21:18:20,729 - 2020-08-28 SELL EXECUTED - Price: 123.01, Size: 957 shares, Cost: 118775.95, Comm: 117.72
2025-02-09 21:18:20,729 - 2020-08-28 
        TRADE COMPLETED:
        Gross Profit: -1055.66
        Net Profit: -1292.15
        Commission: 236.50
        
2025-02-09 21:18:20,729 - 2020-08-28 BUY CREATE at 121.83, Size: 960 shares (Trade #122)
2025-02-09 21:18:20,729 - 2020-08-31 BUY EXECUTED - Price: 124.54, Size: 960 shares, Cost: 119558.28, Comm: 119.56
2025-02-09 21:18:20,729 - 2020-08-31 SELL CREATE at 125.97, Size: 960 shares (Trade #122)
2025-02-09 21:18:20,729 - 2020-09-01 SELL EXECUTED - Price: 129.60, Size: 960 shares, Cost: 119558.28, Comm: 124.41
2025-02-09 21:18:20,729 - 2020-09-01 
        TRADE COMPLETED:
        Gross Profit: 4854.31
        Net Profit: 4610.34
        Commission: 243.97
        
2025-02-09 21:18:20,729 - 2020-09-01 BUY CREATE at 130.98, Size: 926 shares (Trade #123)
2025-02-09 21:18:20,729 - 2020-09-02 BUY EXECUTED - Price: 134.31, Size: 926 shares, Cost: 124372.31, Comm: 124.37
2025-02-09 21:18:20,729 - 2020-09-02 SELL CREATE at 128.27, Size: 926 shares (Trade #123)
2025-02-09 21:18:20,730 - 2020-09-03 SELL EXECUTED - Price: 123.89, Size: 926 shares, Cost: 124372.31, Comm: 114.72
2025-02-09 21:18:20,730 - 2020-09-03 
        TRADE COMPLETED:
        Gross Profit: -9654.01
        Net Profit: -9893.10
        Commission: 239.09
        
2025-02-09 21:18:20,730 - 2020-09-08 BUY CREATE at 110.13, Size: 1017 shares (Trade #124)
2025-02-09 21:18:20,730 - 2020-09-09 BUY EXECUTED - Price: 114.47, Size: 1017 shares, Cost: 116411.72, Comm: 116.41
2025-02-09 21:18:20,730 - 2020-09-09 SELL CREATE at 114.52, Size: 1017 shares (Trade #124)
2025-02-09 21:18:20,730 - 2020-09-10 SELL EXECUTED - Price: 117.49, Size: 1017 shares, Cost: 116411.72, Comm: 119.49
2025-02-09 21:18:20,730 - 2020-09-10 
        TRADE COMPLETED:
        Gross Profit: 3077.57
        Net Profit: 2841.67
        Commission: 235.90
        
2025-02-09 21:18:20,730 - 2020-09-11 BUY CREATE at 109.33, Size: 1049 shares (Trade #125)
2025-02-09 21:18:20,730 - 2020-09-14 BUY EXECUTED - Price: 111.99, Size: 1049 shares, Cost: 117473.64, Comm: 117.47
2025-02-09 21:18:20,730 - 2020-09-14 SELL CREATE at 112.61, Size: 1049 shares (Trade #125)
2025-02-09 21:18:20,730 - 2020-09-15 SELL EXECUTED - Price: 115.51, Size: 1049 shares, Cost: 117473.64, Comm: 121.17
2025-02-09 21:18:20,730 - 2020-09-15 
        TRADE COMPLETED:
        Gross Profit: 3696.65
        Net Profit: 3458.01
        Commission: 238.64
        
2025-02-09 21:18:20,730 - 2020-09-16 BUY CREATE at 109.46, Size: 1078 shares (Trade #126)
2025-02-09 21:18:20,730 - 2020-09-17 BUY EXECUTED - Price: 107.11, Size: 1078 shares, Cost: 115459.69, Comm: 115.46
2025-02-09 21:18:20,730 - 2020-09-17 SELL CREATE at 107.71, Size: 1078 shares (Trade #126)
2025-02-09 21:18:20,731 - 2020-09-18 SELL EXECUTED - Price: 107.77, Size: 1078 shares, Cost: 115459.69, Comm: 116.18
2025-02-09 21:18:20,731 - 2020-09-18 
        TRADE COMPLETED:
        Gross Profit: 715.58
        Net Profit: 483.95
        Commission: 231.63
        
2025-02-09 21:18:20,731 - 2020-09-18 BUY CREATE at 104.29, Size: 1135 shares (Trade #127)
2025-02-09 21:18:20,731 - 2020-09-21 BUY EXECUTED - Price: 102.05, Size: 1135 shares, Cost: 115825.51, Comm: 115.83
2025-02-09 21:18:20,731 - 2020-09-21 SELL CREATE at 107.46, Size: 1135 shares (Trade #127)
2025-02-09 21:18:20,731 - 2020-09-22 SELL EXECUTED - Price: 109.99, Size: 1135 shares, Cost: 115825.51, Comm: 124.84
2025-02-09 21:18:20,731 - 2020-09-22 
        TRADE COMPLETED:
        Gross Profit: 9018.72
        Net Profit: 8778.05
        Commission: 240.67
        
2025-02-09 21:18:20,731 - 2020-09-23 BUY CREATE at 104.57, Size: 1212 shares (Trade #128)
2025-02-09 21:18:20,731 - 2020-09-24 BUY EXECUTED - Price: 102.66, Size: 1212 shares, Cost: 124428.62, Comm: 124.43
2025-02-09 21:18:20,731 - 2020-09-24 SELL CREATE at 105.64, Size: 1212 shares (Trade #128)
2025-02-09 21:18:20,732 - 2020-09-25 SELL EXECUTED - Price: 105.85, Size: 1212 shares, Cost: 124428.62, Comm: 128.29
2025-02-09 21:18:20,732 - 2020-09-25 
        TRADE COMPLETED:
        Gross Profit: 3856.97
        Net Profit: 3604.25
        Commission: 252.71
        
2025-02-09 21:18:20,732 - 2020-10-01 BUY CREATE at 114.01, Size: 1142 shares (Trade #129)
2025-02-09 21:18:20,732 - 2020-10-02 BUY EXECUTED - Price: 110.20, Size: 1142 shares, Cost: 125848.32, Comm: 125.85
2025-02-09 21:18:20,732 - 2020-10-06 SELL CREATE at 110.46, Size: 1142 shares (Trade #129)
2025-02-09 21:18:20,732 - 2020-10-07 SELL EXECUTED - Price: 111.89, Size: 1142 shares, Cost: 125848.32, Comm: 127.78
2025-02-09 21:18:20,732 - 2020-10-07 
        TRADE COMPLETED:
        Gross Profit: 1928.59
        Net Profit: 1674.96
        Commission: 253.63
        
2025-02-09 21:18:20,732 - 2020-10-07 BUY CREATE at 112.34, Size: 1173 shares (Trade #130)
2025-02-09 21:18:20,732 - 2020-10-08 BUY EXECUTED - Price: 113.48, Size: 1173 shares, Cost: 133111.88, Comm: 133.11
2025-02-09 21:18:20,733 - 2020-10-12 SELL CREATE at 121.44, Size: 1173 shares (Trade #130)
2025-02-09 21:18:20,733 - 2020-10-13 SELL EXECUTED - Price: 122.28, Size: 1173 shares, Cost: 133111.88, Comm: 143.44
2025-02-09 21:18:20,733 - 2020-10-13 
        TRADE COMPLETED:
        Gross Profit: 10328.34
        Net Profit: 10051.79
        Commission: 276.55
        
2025-02-09 21:18:20,733 - 2020-10-13 BUY CREATE at 118.21, Size: 1195 shares (Trade #131)
2025-02-09 21:18:20,733 - 2020-10-14 BUY EXECUTED - Price: 118.12, Size: 1195 shares, Cost: 141149.41, Comm: 141.15
2025-02-09 21:18:20,733 - 2020-10-14 SELL CREATE at 118.30, Size: 1195 shares (Trade #131)
2025-02-09 21:18:20,733 - 2020-10-15 SELL EXECUTED - Price: 115.89, Size: 1195 shares, Cost: 141149.41, Comm: 138.49
2025-02-09 21:18:20,733 - 2020-10-15 
        TRADE COMPLETED:
        Gross Profit: -2659.68
        Net Profit: -2939.31
        Commission: 279.64
        
2025-02-09 21:18:20,733 - 2020-10-15 BUY CREATE at 117.83, Size: 1176 shares (Trade #132)
2025-02-09 21:18:20,733 - 2020-10-16 BUY EXECUTED - Price: 118.39, Size: 1176 shares, Cost: 139226.64, Comm: 139.23
2025-02-09 21:18:20,733 - 2020-10-19 SELL CREATE at 113.22, Size: 1176 shares (Trade #132)
2025-02-09 21:18:20,733 - 2020-10-20 SELL EXECUTED - Price: 113.43, Size: 1176 shares, Cost: 139226.64, Comm: 133.39
2025-02-09 21:18:20,733 - 2020-10-20 
        TRADE COMPLETED:
        Gross Profit: -5831.72
        Net Profit: -6104.34
        Commission: 272.62
        
2025-02-09 21:18:20,733 - 2020-10-20 BUY CREATE at 114.71, Size: 1157 shares (Trade #133)
2025-02-09 21:18:20,733 - 2020-10-21 BUY EXECUTED - Price: 113.89, Size: 1157 shares, Cost: 131770.58, Comm: 131.77
2025-02-09 21:18:20,733 - 2020-10-21 SELL CREATE at 114.09, Size: 1157 shares (Trade #133)
2025-02-09 21:18:20,734 - 2020-10-22 SELL EXECUTED - Price: 114.65, Size: 1157 shares, Cost: 131770.58, Comm: 132.65
2025-02-09 21:18:20,734 - 2020-10-22 
        TRADE COMPLETED:
        Gross Profit: 880.93
        Net Profit: 616.50
        Commission: 264.42
        
2025-02-09 21:18:20,734 - 2020-10-28 BUY CREATE at 108.55, Size: 1228 shares (Trade #134)
2025-02-09 21:18:20,734 - 2020-10-29 BUY EXECUTED - Price: 109.69, Size: 1228 shares, Cost: 134702.17, Comm: 134.70
2025-02-09 21:18:20,734 - 2020-10-29 SELL CREATE at 112.57, Size: 1228 shares (Trade #134)
2025-02-09 21:18:20,734 - 2020-10-30 SELL EXECUTED - Price: 108.41, Size: 1228 shares, Cost: 134702.17, Comm: 133.13
2025-02-09 21:18:20,734 - 2020-10-30 
        TRADE COMPLETED:
        Gross Profit: -1570.37
        Net Profit: -1838.20
        Commission: 267.83
        
2025-02-09 21:18:20,734 - 2020-10-30 BUY CREATE at 106.27, Size: 1238 shares (Trade #135)
2025-02-09 21:18:20,734 - 2020-11-02 BUY EXECUTED - Price: 106.51, Size: 1238 shares, Cost: 131859.39, Comm: 131.86
2025-02-09 21:18:20,734 - 2020-11-02 SELL CREATE at 106.18, Size: 1238 shares (Trade #135)
2025-02-09 21:18:20,734 - 2020-11-03 SELL EXECUTED - Price: 107.05, Size: 1238 shares, Cost: 131859.39, Comm: 132.52
2025-02-09 21:18:20,734 - 2020-11-03 
        TRADE COMPLETED:
        Gross Profit: 664.67
        Net Profit: 400.29
        Commission: 264.38
        
2025-02-09 21:18:20,734 - 2020-11-03 BUY CREATE at 107.81, Size: 1224 shares (Trade #136)
2025-02-09 21:18:20,734 - 2020-11-04 BUY EXECUTED - Price: 111.42, Size: 1224 shares, Cost: 136378.24, Comm: 136.38
2025-02-09 21:18:20,735 - 2020-11-04 SELL CREATE at 112.21, Size: 1224 shares (Trade #136)
2025-02-09 21:18:20,735 - 2020-11-05 SELL EXECUTED - Price: 115.14, Size: 1224 shares, Cost: 136378.24, Comm: 140.93
2025-02-09 21:18:20,735 - 2020-11-05 
        TRADE COMPLETED:
        Gross Profit: 4552.33
        Net Profit: 4275.02
        Commission: 277.31
        
2025-02-09 21:18:20,735 - 2020-11-06 BUY CREATE at 116.06, Size: 1172 shares (Trade #137)
2025-02-09 21:18:20,735 - 2020-11-09 BUY EXECUTED - Price: 117.83, Size: 1172 shares, Cost: 138098.54, Comm: 138.10
2025-02-09 21:18:20,735 - 2020-11-09 SELL CREATE at 113.74, Size: 1172 shares (Trade #137)
2025-02-09 21:18:20,735 - 2020-11-10 SELL EXECUTED - Price: 112.99, Size: 1172 shares, Cost: 138098.54, Comm: 132.43
2025-02-09 21:18:20,735 - 2020-11-10 
        TRADE COMPLETED:
        Gross Profit: -5672.91
        Net Profit: -5943.44
        Commission: 270.52
        
2025-02-09 21:18:20,735 - 2020-11-10 BUY CREATE at 113.40, Size: 1149 shares (Trade #138)
2025-02-09 21:18:20,735 - 2020-11-11 BUY EXECUTED - Price: 114.59, Size: 1149 shares, Cost: 131669.46, Comm: 131.67
2025-02-09 21:18:20,735 - 2020-11-20 SELL CREATE at 114.74, Size: 1149 shares (Trade #138)
2025-02-09 21:18:20,736 - 2020-11-23 SELL EXECUTED - Price: 114.59, Size: 1149 shares, Cost: 131669.46, Comm: 131.66
2025-02-09 21:18:20,736 - 2020-11-23 
        TRADE COMPLETED:
        Gross Profit: -11.23
        Net Profit: -274.55
        Commission: 263.33
        
2025-02-09 21:18:20,736 - 2020-11-23 BUY CREATE at 111.33, Size: 1169 shares (Trade #139)
2025-02-09 21:18:20,736 - 2020-11-24 BUY EXECUTED - Price: 111.39, Size: 1169 shares, Cost: 130211.93, Comm: 130.21
2025-02-09 21:18:20,736 - 2020-11-24 SELL CREATE at 112.62, Size: 1169 shares (Trade #139)
2025-02-09 21:18:20,736 - 2020-11-25 SELL EXECUTED - Price: 112.99, Size: 1169 shares, Cost: 130211.93, Comm: 132.09
2025-02-09 21:18:20,736 - 2020-11-25 
        TRADE COMPLETED:
        Gross Profit: 1874.71
        Net Profit: 1612.42
        Commission: 262.30
        
2025-02-09 21:18:20,736 - 2020-12-01 BUY CREATE at 120.00, Size: 1097 shares (Trade #140)
2025-02-09 21:18:20,736 - 2020-12-02 BUY EXECUTED - Price: 119.32, Size: 1097 shares, Cost: 130891.69, Comm: 130.89
2025-02-09 21:18:20,736 - 2020-12-02 SELL CREATE at 120.35, Size: 1097 shares (Trade #140)
2025-02-09 21:18:20,736 - 2020-12-03 SELL EXECUTED - Price: 120.78, Size: 1097 shares, Cost: 130891.69, Comm: 132.50
2025-02-09 21:18:20,736 - 2020-12-03 
        TRADE COMPLETED:
        Gross Profit: 1609.07
        Net Profit: 1345.67
        Commission: 263.39
        
2025-02-09 21:18:20,736 - 2020-12-03 BUY CREATE at 120.22, Size: 1105 shares (Trade #141)
2025-02-09 21:18:20,737 - 2020-12-04 BUY EXECUTED - Price: 119.89, Size: 1105 shares, Cost: 132472.94, Comm: 132.47
2025-02-09 21:18:20,737 - 2020-12-07 SELL CREATE at 121.01, Size: 1105 shares (Trade #141)
2025-02-09 21:18:20,737 - 2020-12-08 SELL EXECUTED - Price: 121.62, Size: 1105 shares, Cost: 132472.94, Comm: 134.39
2025-02-09 21:18:20,737 - 2020-12-08 
        TRADE COMPLETED:
        Gross Profit: 1912.55
        Net Profit: 1645.69
        Commission: 266.86
        
2025-02-09 21:18:20,737 - 2020-12-08 BUY CREATE at 121.63, Size: 1106 shares (Trade #142)
2025-02-09 21:18:20,737 - 2020-12-09 BUY EXECUTED - Price: 121.77, Size: 1106 shares, Cost: 134680.15, Comm: 134.68
2025-02-09 21:18:20,737 - 2020-12-09 SELL CREATE at 119.08, Size: 1106 shares (Trade #142)
2025-02-09 21:18:20,737 - 2020-12-10 SELL EXECUTED - Price: 117.83, Size: 1106 shares, Cost: 134680.15, Comm: 130.32
2025-02-09 21:18:20,737 - 2020-12-10 
        TRADE COMPLETED:
        Gross Profit: -4358.48
        Net Profit: -4623.49
        Commission: 265.00
        
2025-02-09 21:18:20,737 - 2020-12-10 BUY CREATE at 120.51, Size: 1079 shares (Trade #143)
2025-02-09 21:18:20,737 - 2020-12-11 BUY EXECUTED - Price: 119.72, Size: 1079 shares, Cost: 129176.57, Comm: 129.18
2025-02-09 21:18:20,737 - 2020-12-15 SELL CREATE at 125.05, Size: 1079 shares (Trade #143)
2025-02-09 21:18:20,737 - 2020-12-16 SELL EXECUTED - Price: 124.59, Size: 1079 shares, Cost: 129176.57, Comm: 134.43
2025-02-09 21:18:20,737 - 2020-12-16 
        TRADE COMPLETED:
        Gross Profit: 5254.44
        Net Profit: 4990.83
        Commission: 263.61
        
2025-02-09 21:18:20,737 - 2020-12-16 BUY CREATE at 124.98, Size: 1079 shares (Trade #144)
2025-02-09 21:18:20,738 - 2020-12-17 BUY EXECUTED - Price: 126.05, Size: 1079 shares, Cost: 136003.12, Comm: 136.00
2025-02-09 21:18:20,738 - 2020-12-17 SELL CREATE at 125.85, Size: 1079 shares (Trade #144)
2025-02-09 21:18:20,738 - 2020-12-18 SELL EXECUTED - Price: 126.10, Size: 1079 shares, Cost: 136003.12, Comm: 136.07
2025-02-09 21:18:20,738 - 2020-12-18 
        TRADE COMPLETED:
        Gross Profit: 63.30
        Net Profit: -208.77
        Commission: 272.07
        
2025-02-09 21:18:20,738 - 2020-12-18 BUY CREATE at 123.86, Size: 1087 shares (Trade #145)
2025-02-09 21:18:20,738 - 2020-12-21 BUY EXECUTED - Price: 122.25, Size: 1087 shares, Cost: 132887.30, Comm: 132.89
2025-02-09 21:18:20,738 - 2020-12-21 SELL CREATE at 125.39, Size: 1087 shares (Trade #145)
2025-02-09 21:18:20,738 - 2020-12-22 SELL EXECUTED - Price: 128.70, Size: 1087 shares, Cost: 132887.30, Comm: 139.89
2025-02-09 21:18:20,738 - 2020-12-22 
        TRADE COMPLETED:
        Gross Profit: 7004.69
        Net Profit: 6731.91
        Commission: 272.78
        
2025-02-09 21:18:20,738 - 2020-12-22 BUY CREATE at 128.96, Size: 1093 shares (Trade #146)
2025-02-09 21:18:20,738 - 2020-12-23 BUY EXECUTED - Price: 129.23, Size: 1093 shares, Cost: 141252.03, Comm: 141.25
2025-02-09 21:18:20,738 - 2020-12-23 SELL CREATE at 128.06, Size: 1093 shares (Trade #146)
2025-02-09 21:18:20,738 - 2020-12-24 SELL EXECUTED - Price: 128.41, Size: 1093 shares, Cost: 141252.03, Comm: 140.35
2025-02-09 21:18:20,738 - 2020-12-24 
        TRADE COMPLETED:
        Gross Profit: -897.77
        Net Profit: -1179.38
        Commission: 281.61
        
2025-02-09 21:18:20,738 - 2020-12-24 BUY CREATE at 129.05, Size: 1084 shares (Trade #147)
2025-02-09 21:18:20,738 - 2020-12-28 BUY EXECUTED - Price: 131.02, Size: 1084 shares, Cost: 142028.72, Comm: 142.03
2025-02-09 21:18:20,738 - 2020-12-28 SELL CREATE at 133.66, Size: 1084 shares (Trade #147)
2025-02-09 21:18:20,739 - 2020-12-29 SELL EXECUTED - Price: 134.99, Size: 1084 shares, Cost: 142028.72, Comm: 146.33
2025-02-09 21:18:20,739 - 2020-12-29 
        TRADE COMPLETED:
        Gross Profit: 4303.57
        Net Profit: 4015.21
        Commission: 288.36
        
2025-02-09 21:18:20,739 - 2020-12-29 BUY CREATE at 131.88, Size: 1090 shares (Trade #148)
2025-02-09 21:18:20,739 - 2020-12-30 BUY EXECUTED - Price: 132.58, Size: 1090 shares, Cost: 144509.57, Comm: 144.51
2025-02-09 21:18:20,739 - 2020-12-30 SELL CREATE at 130.76, Size: 1090 shares (Trade #148)
2025-02-09 21:18:20,739 - 2020-12-31 SELL EXECUTED - Price: 131.11, Size: 1090 shares, Cost: 144509.57, Comm: 142.91
2025-02-09 21:18:20,739 - 2020-12-31 
        TRADE COMPLETED:
        Gross Profit: -1598.79
        Net Profit: -1886.21
        Commission: 287.42
        
2025-02-09 21:18:20,739 - 2020-12-31 BUY CREATE at 129.75, Size: 1094 shares (Trade #149)
2025-02-09 21:18:20,739 - 2021-01-04 BUY EXECUTED - Price: 130.56, Size: 1094 shares, Cost: 142836.14, Comm: 142.84
2025-02-09 21:18:20,739 - 2021-01-04 SELL CREATE at 126.54, Size: 1094 shares (Trade #149)
2025-02-09 21:18:20,739 - 2021-01-05 SELL EXECUTED - Price: 126.04, Size: 1094 shares, Cost: 142836.14, Comm: 137.88
2025-02-09 21:18:20,739 - 2021-01-05 
        TRADE COMPLETED:
        Gross Profit: -4953.06
        Net Profit: -5233.78
        Commission: 280.72
        
2025-02-09 21:18:20,740 - 2021-01-22 BUY CREATE at 135.99, Size: 1007 shares (Trade #150)
2025-02-09 21:18:20,740 - 2021-01-25 BUY EXECUTED - Price: 139.90, Size: 1007 shares, Cost: 140881.03, Comm: 140.88
2025-02-09 21:18:20,740 - 2021-01-25 SELL CREATE at 139.76, Size: 1007 shares (Trade #150)
2025-02-09 21:18:20,740 - 2021-01-26 SELL EXECUTED - Price: 140.42, Size: 1007 shares, Cost: 140881.03, Comm: 141.40
2025-02-09 21:18:20,740 - 2021-01-26 
        TRADE COMPLETED:
        Gross Profit: 521.89
        Net Profit: 239.61
        Commission: 282.28
        
2025-02-09 21:18:20,740 - 2021-01-26 BUY CREATE at 139.99, Size: 980 shares (Trade #151)
2025-02-09 21:18:20,740 - 2021-01-27 BUY EXECUTED - Price: 140.25, Size: 980 shares, Cost: 137448.64, Comm: 137.45
2025-02-09 21:18:20,740 - 2021-01-27 SELL CREATE at 138.91, Size: 980 shares (Trade #151)
2025-02-09 21:18:20,740 - 2021-01-28 SELL EXECUTED - Price: 136.43, Size: 980 shares, Cost: 137448.64, Comm: 133.70
2025-02-09 21:18:20,740 - 2021-01-28 
        TRADE COMPLETED:
        Gross Profit: -3746.90
        Net Profit: -4018.05
        Commission: 271.15
        
2025-02-09 21:18:20,740 - 2021-01-28 BUY CREATE at 134.05, Size: 995 shares (Trade #152)
2025-02-09 21:18:20,740 - 2021-01-29 BUY EXECUTED - Price: 132.82, Size: 995 shares, Cost: 132157.93, Comm: 132.16
2025-02-09 21:18:20,740 - 2021-01-29 SELL CREATE at 129.04, Size: 995 shares (Trade #152)
2025-02-09 21:18:20,740 - 2021-02-01 SELL EXECUTED - Price: 130.79, Size: 995 shares, Cost: 132157.93, Comm: 130.13
2025-02-09 21:18:20,740 - 2021-02-01 
        TRADE COMPLETED:
        Gross Profit: -2023.77
        Net Profit: -2286.07
        Commission: 262.29
        
2025-02-09 21:18:20,741 - 2021-02-17 BUY CREATE at 128.13, Size: 1024 shares (Trade #153)
2025-02-09 21:18:20,741 - 2021-02-18 BUY EXECUTED - Price: 126.53, Size: 1024 shares, Cost: 129564.31, Comm: 129.56
2025-02-09 21:18:20,741 - 2021-02-18 SELL CREATE at 127.03, Size: 1024 shares (Trade #153)
2025-02-09 21:18:20,741 - 2021-02-19 SELL EXECUTED - Price: 127.55, Size: 1024 shares, Cost: 129564.31, Comm: 130.61
2025-02-09 21:18:20,741 - 2021-02-19 
        TRADE COMPLETED:
        Gross Profit: 1042.94
        Net Profit: 782.77
        Commission: 260.17
        
2025-02-09 21:18:20,741 - 2021-02-19 BUY CREATE at 127.18, Size: 1037 shares (Trade #154)
2025-02-09 21:18:20,741 - 2021-02-22 BUY EXECUTED - Price: 125.36, Size: 1037 shares, Cost: 130000.67, Comm: 130.00
2025-02-09 21:18:20,741 - 2021-02-22 SELL CREATE at 123.39, Size: 1037 shares (Trade #154)
2025-02-09 21:18:20,741 - 2021-02-23 SELL EXECUTED - Price: 121.20, Size: 1037 shares, Cost: 130000.67, Comm: 125.68
2025-02-09 21:18:20,741 - 2021-02-23 
        TRADE COMPLETED:
        Gross Profit: -4316.08
        Net Profit: -4571.77
        Commission: 255.69
        
2025-02-09 21:18:20,741 - 2021-02-23 BUY CREATE at 123.26, Size: 1035 shares (Trade #155)
2025-02-09 21:18:20,742 - 2021-02-24 BUY EXECUTED - Price: 122.36, Size: 1035 shares, Cost: 126638.23, Comm: 126.64
2025-02-09 21:18:20,742 - 2021-02-24 SELL CREATE at 122.76, Size: 1035 shares (Trade #155)
2025-02-09 21:18:20,742 - 2021-02-25 SELL EXECUTED - Price: 122.10, Size: 1035 shares, Cost: 126638.23, Comm: 126.37
2025-02-09 21:18:20,742 - 2021-02-25 
        TRADE COMPLETED:
        Gross Profit: -263.55
        Net Profit: -516.56
        Commission: 253.01
        
2025-02-09 21:18:20,742 - 2021-02-25 BUY CREATE at 118.49, Size: 1073 shares (Trade #156)
2025-02-09 21:18:20,742 - 2021-02-26 BUY EXECUTED - Price: 120.05, Size: 1073 shares, Cost: 128818.35, Comm: 128.82
2025-02-09 21:18:20,742 - 2021-02-26 SELL CREATE at 118.75, Size: 1073 shares (Trade #156)
2025-02-09 21:18:20,742 - 2021-03-01 SELL EXECUTED - Price: 121.19, Size: 1073 shares, Cost: 128818.35, Comm: 130.04
2025-02-09 21:18:20,742 - 2021-03-01 
        TRADE COMPLETED:
        Gross Profit: 1218.93
        Net Profit: 960.08
        Commission: 258.86
        
2025-02-09 21:18:20,742 - 2021-03-02 BUY CREATE at 122.53, Size: 1045 shares (Trade #157)
2025-02-09 21:18:20,742 - 2021-03-03 BUY EXECUTED - Price: 122.23, Size: 1045 shares, Cost: 127728.73, Comm: 127.73
2025-02-09 21:18:20,742 - 2021-03-03 SELL CREATE at 119.54, Size: 1045 shares (Trade #157)
2025-02-09 21:18:20,743 - 2021-03-04 SELL EXECUTED - Price: 119.23, Size: 1045 shares, Cost: 127728.73, Comm: 124.60
2025-02-09 21:18:20,743 - 2021-03-04 
        TRADE COMPLETED:
        Gross Profit: -3131.55
        Net Profit: -3383.88
        Commission: 252.33
        
2025-02-09 21:18:20,743 - 2021-03-04 BUY CREATE at 117.65, Size: 1061 shares (Trade #158)
2025-02-09 21:18:20,743 - 2021-03-05 BUY EXECUTED - Price: 118.48, Size: 1061 shares, Cost: 125704.82, Comm: 125.70
2025-02-09 21:18:20,743 - 2021-03-05 SELL CREATE at 118.91, Size: 1061 shares (Trade #158)
2025-02-09 21:18:20,743 - 2021-03-08 SELL EXECUTED - Price: 118.43, Size: 1061 shares, Cost: 125704.82, Comm: 125.65
2025-02-09 21:18:20,743 - 2021-03-08 
        TRADE COMPLETED:
        Gross Profit: -51.96
        Net Profit: -303.31
        Commission: 251.36
        
2025-02-09 21:18:20,743 - 2021-03-08 BUY CREATE at 113.95, Size: 1093 shares (Trade #159)
2025-02-09 21:18:20,743 - 2021-03-09 BUY EXECUTED - Price: 116.57, Size: 1093 shares, Cost: 127408.84, Comm: 127.41
2025-02-09 21:18:20,743 - 2021-03-09 SELL CREATE at 118.59, Size: 1093 shares (Trade #159)
2025-02-09 21:18:20,743 - 2021-03-10 SELL EXECUTED - Price: 119.17, Size: 1093 shares, Cost: 127408.84, Comm: 130.26
2025-02-09 21:18:20,743 - 2021-03-10 
        TRADE COMPLETED:
        Gross Profit: 2847.24
        Net Profit: 2589.57
        Commission: 257.66
        
2025-02-09 21:18:20,743 - 2021-03-10 BUY CREATE at 117.50, Size: 1081 shares (Trade #160)
2025-02-09 21:18:20,743 - 2021-03-11 BUY EXECUTED - Price: 120.01, Size: 1081 shares, Cost: 129725.84, Comm: 129.73
2025-02-09 21:18:20,743 - 2021-03-11 SELL CREATE at 119.44, Size: 1081 shares (Trade #160)
2025-02-09 21:18:20,743 - 2021-03-12 SELL EXECUTED - Price: 117.91, Size: 1081 shares, Cost: 129725.84, Comm: 127.46
2025-02-09 21:18:20,743 - 2021-03-12 
        TRADE COMPLETED:
        Gross Profit: -2265.50
        Net Profit: -2522.69
        Commission: 257.19
        
2025-02-09 21:18:20,744 - 2021-03-12 BUY CREATE at 118.53, Size: 1051 shares (Trade #161)
2025-02-09 21:18:20,744 - 2021-03-15 BUY EXECUTED - Price: 118.90, Size: 1051 shares, Cost: 124962.62, Comm: 124.96
2025-02-09 21:18:20,744 - 2021-03-18 SELL CREATE at 118.04, Size: 1051 shares (Trade #161)
2025-02-09 21:18:20,744 - 2021-03-19 SELL EXECUTED - Price: 117.42, Size: 1051 shares, Cost: 124962.62, Comm: 123.41
2025-02-09 21:18:20,744 - 2021-03-19 
        TRADE COMPLETED:
        Gross Profit: -1554.18
        Net Profit: -1802.55
        Commission: 248.37
        
2025-02-09 21:18:20,744 - 2021-03-19 BUY CREATE at 117.51, Size: 1045 shares (Trade #162)
2025-02-09 21:18:20,744 - 2021-03-22 BUY EXECUTED - Price: 117.84, Size: 1045 shares, Cost: 123143.98, Comm: 123.14
2025-02-09 21:18:20,744 - 2021-03-24 SELL CREATE at 117.61, Size: 1045 shares (Trade #162)
2025-02-09 21:18:20,744 - 2021-03-25 SELL EXECUTED - Price: 117.07, Size: 1045 shares, Cost: 123143.98, Comm: 122.34
2025-02-09 21:18:20,744 - 2021-03-25 
        TRADE COMPLETED:
        Gross Profit: -808.48
        Net Profit: -1053.96
        Commission: 245.48
        
2025-02-09 21:18:20,744 - 2021-03-25 BUY CREATE at 118.10, Size: 1032 shares (Trade #163)
2025-02-09 21:18:20,744 - 2021-03-26 BUY EXECUTED - Price: 117.86, Size: 1032 shares, Cost: 121632.26, Comm: 121.63
2025-02-09 21:18:20,745 - 2021-04-05 SELL CREATE at 123.30, Size: 1032 shares (Trade #163)
2025-02-09 21:18:20,745 - 2021-04-06 SELL EXECUTED - Price: 123.88, Size: 1032 shares, Cost: 121632.26, Comm: 127.85
2025-02-09 21:18:20,745 - 2021-04-06 
        TRADE COMPLETED:
        Gross Profit: 6215.53
        Net Profit: 5966.05
        Commission: 249.48
        
2025-02-09 21:18:20,745 - 2021-04-06 BUY CREATE at 123.60, Size: 1032 shares (Trade #164)
2025-02-09 21:18:20,745 - 2021-04-07 BUY EXECUTED - Price: 123.23, Size: 1032 shares, Cost: 127170.64, Comm: 127.17
2025-02-09 21:18:20,745 - 2021-04-07 SELL CREATE at 125.25, Size: 1032 shares (Trade #164)
2025-02-09 21:18:20,745 - 2021-04-08 SELL EXECUTED - Price: 126.28, Size: 1032 shares, Cost: 127170.64, Comm: 130.32
2025-02-09 21:18:20,745 - 2021-04-08 
        TRADE COMPLETED:
        Gross Profit: 3153.22
        Net Profit: 2895.73
        Commission: 257.49
        
2025-02-09 21:18:20,745 - 2021-04-08 BUY CREATE at 127.66, Size: 1020 shares (Trade #165)
2025-02-09 21:18:20,745 - 2021-04-09 BUY EXECUTED - Price: 127.12, Size: 1020 shares, Cost: 129657.53, Comm: 129.66
2025-02-09 21:18:20,745 - 2021-04-09 SELL CREATE at 130.25, Size: 1020 shares (Trade #165)
2025-02-09 21:18:20,745 - 2021-04-12 SELL EXECUTED - Price: 129.78, Size: 1020 shares, Cost: 129657.53, Comm: 132.37
2025-02-09 21:18:20,745 - 2021-04-12 
        TRADE COMPLETED:
        Gross Profit: 2717.02
        Net Profit: 2454.99
        Commission: 262.03
        
2025-02-09 21:18:20,745 - 2021-04-12 BUY CREATE at 128.53, Size: 1032 shares (Trade #166)
2025-02-09 21:18:20,745 - 2021-04-13 BUY EXECUTED - Price: 129.70, Size: 1032 shares, Cost: 133851.03, Comm: 133.85
2025-02-09 21:18:20,745 - 2021-04-13 SELL CREATE at 131.65, Size: 1032 shares (Trade #166)
2025-02-09 21:18:20,746 - 2021-04-14 SELL EXECUTED - Price: 132.15, Size: 1032 shares, Cost: 133851.03, Comm: 136.38
2025-02-09 21:18:20,746 - 2021-04-14 
        TRADE COMPLETED:
        Gross Profit: 2526.63
        Net Profit: 2256.40
        Commission: 270.23
        
2025-02-09 21:18:20,746 - 2021-04-14 BUY CREATE at 129.30, Size: 1042 shares (Trade #167)
2025-02-09 21:18:20,746 - 2021-04-15 BUY EXECUTED - Price: 131.05, Size: 1042 shares, Cost: 136556.29, Comm: 136.56
2025-02-09 21:18:20,746 - 2021-04-15 SELL CREATE at 131.72, Size: 1042 shares (Trade #167)
2025-02-09 21:18:20,746 - 2021-04-16 SELL EXECUTED - Price: 131.52, Size: 1042 shares, Cost: 136556.29, Comm: 137.05
2025-02-09 21:18:20,746 - 2021-04-16 
        TRADE COMPLETED:
        Gross Profit: 489.81
        Net Profit: 216.21
        Commission: 273.60
        
2025-02-09 21:18:20,746 - 2021-04-16 BUY CREATE at 131.39, Size: 1027 shares (Trade #168)
2025-02-09 21:18:20,746 - 2021-04-19 BUY EXECUTED - Price: 130.75, Size: 1027 shares, Cost: 134278.68, Comm: 134.28
2025-02-09 21:18:20,746 - 2021-04-19 SELL CREATE at 132.05, Size: 1027 shares (Trade #168)
2025-02-09 21:18:20,746 - 2021-04-20 SELL EXECUTED - Price: 132.23, Size: 1027 shares, Cost: 134278.68, Comm: 135.80
2025-02-09 21:18:20,746 - 2021-04-20 
        TRADE COMPLETED:
        Gross Profit: 1518.70
        Net Profit: 1248.63
        Commission: 270.08
        
2025-02-09 21:18:20,746 - 2021-04-20 BUY CREATE at 130.36, Size: 1044 shares (Trade #169)
2025-02-09 21:18:20,746 - 2021-04-21 BUY EXECUTED - Price: 129.62, Size: 1044 shares, Cost: 135325.67, Comm: 135.33
2025-02-09 21:18:20,746 - 2021-04-21 SELL CREATE at 130.74, Size: 1044 shares (Trade #169)
2025-02-09 21:18:20,747 - 2021-04-22 SELL EXECUTED - Price: 130.29, Size: 1044 shares, Cost: 135325.67, Comm: 136.02
2025-02-09 21:18:20,747 - 2021-04-22 
        TRADE COMPLETED:
        Gross Profit: 695.23
        Net Profit: 423.89
        Commission: 271.35
        
2025-02-09 21:18:20,747 - 2021-04-22 BUY CREATE at 129.21, Size: 1057 shares (Trade #170)
2025-02-09 21:18:20,747 - 2021-04-23 BUY EXECUTED - Price: 129.43, Size: 1057 shares, Cost: 136803.74, Comm: 136.80
2025-02-09 21:18:20,747 - 2021-04-23 SELL CREATE at 131.54, Size: 1057 shares (Trade #170)
2025-02-09 21:18:20,747 - 2021-04-26 SELL EXECUTED - Price: 132.04, Size: 1057 shares, Cost: 136803.74, Comm: 139.57
2025-02-09 21:18:20,747 - 2021-04-26 
        TRADE COMPLETED:
        Gross Profit: 2763.79
        Net Profit: 2487.41
        Commission: 276.37
        
2025-02-09 21:18:20,747 - 2021-04-26 BUY CREATE at 131.93, Size: 1053 shares (Trade #171)
2025-02-09 21:18:20,747 - 2021-04-27 BUY EXECUTED - Price: 132.22, Size: 1053 shares, Cost: 139225.04, Comm: 139.23
2025-02-09 21:18:20,747 - 2021-04-27 SELL CREATE at 131.61, Size: 1053 shares (Trade #171)
2025-02-09 21:18:20,747 - 2021-04-28 SELL EXECUTED - Price: 131.53, Size: 1053 shares, Cost: 139225.04, Comm: 138.50
2025-02-09 21:18:20,747 - 2021-04-28 
        TRADE COMPLETED:
        Gross Profit: -721.92
        Net Profit: -999.64
        Commission: 277.73
        
2025-02-09 21:18:20,747 - 2021-04-28 BUY CREATE at 130.82, Size: 1054 shares (Trade #172)
2025-02-09 21:18:20,747 - 2021-04-29 BUY EXECUTED - Price: 133.65, Size: 1054 shares, Cost: 140864.23, Comm: 140.86
2025-02-09 21:18:20,747 - 2021-04-29 SELL CREATE at 130.72, Size: 1054 shares (Trade #172)
2025-02-09 21:18:20,747 - 2021-04-30 SELL EXECUTED - Price: 129.05, Size: 1054 shares, Cost: 140864.23, Comm: 136.02
2025-02-09 21:18:20,747 - 2021-04-30 
        TRADE COMPLETED:
        Gross Profit: -4841.04
        Net Profit: -5117.92
        Commission: 276.89
        
2025-02-09 21:18:20,748 - 2021-05-04 BUY CREATE at 125.21, Size: 1063 shares (Trade #173)
2025-02-09 21:18:20,748 - 2021-05-05 BUY EXECUTED - Price: 126.53, Size: 1063 shares, Cost: 134498.89, Comm: 134.50
2025-02-09 21:18:20,748 - 2021-05-05 SELL CREATE at 125.45, Size: 1063 shares (Trade #173)
2025-02-09 21:18:20,748 - 2021-05-06 SELL EXECUTED - Price: 125.24, Size: 1063 shares, Cost: 134498.89, Comm: 133.14
2025-02-09 21:18:20,748 - 2021-05-06 
        TRADE COMPLETED:
        Gross Profit: -1363.72
        Net Profit: -1631.35
        Commission: 267.63
        
2025-02-09 21:18:20,748 - 2021-05-10 BUY CREATE at 124.44, Size: 1057 shares (Trade #174)
2025-02-09 21:18:20,748 - 2021-05-11 BUY EXECUTED - Price: 121.15, Size: 1057 shares, Cost: 128056.59, Comm: 128.06
2025-02-09 21:18:20,748 - 2021-05-11 SELL CREATE at 123.52, Size: 1057 shares (Trade #174)
2025-02-09 21:18:20,748 - 2021-05-12 SELL EXECUTED - Price: 121.05, Size: 1057 shares, Cost: 128056.59, Comm: 127.95
2025-02-09 21:18:20,748 - 2021-05-12 
        TRADE COMPLETED:
        Gross Profit: -103.68
        Net Profit: -359.69
        Commission: 256.01
        
2025-02-09 21:18:20,748 - 2021-05-12 BUY CREATE at 120.43, Size: 1089 shares (Trade #175)
2025-02-09 21:18:20,748 - 2021-05-13 BUY EXECUTED - Price: 122.21, Size: 1089 shares, Cost: 133087.18, Comm: 133.09
2025-02-09 21:18:20,748 - 2021-05-13 SELL CREATE at 122.59, Size: 1089 shares (Trade #175)
2025-02-09 21:18:20,748 - 2021-05-14 SELL EXECUTED - Price: 123.85, Size: 1089 shares, Cost: 133087.18, Comm: 134.87
2025-02-09 21:18:20,748 - 2021-05-14 
        TRADE COMPLETED:
        Gross Profit: 1784.04
        Net Profit: 1516.08
        Commission: 267.96
        
2025-02-09 21:18:20,749 - 2021-05-17 BUY CREATE at 123.87, Size: 1071 shares (Trade #176)
2025-02-09 21:18:20,749 - 2021-05-18 BUY EXECUTED - Price: 124.15, Size: 1071 shares, Cost: 132967.62, Comm: 132.97
2025-02-09 21:18:20,749 - 2021-05-18 SELL CREATE at 122.48, Size: 1071 shares (Trade #176)
2025-02-09 21:18:20,749 - 2021-05-19 SELL EXECUTED - Price: 120.82, Size: 1071 shares, Cost: 132967.62, Comm: 129.40
2025-02-09 21:18:20,749 - 2021-05-19 
        TRADE COMPLETED:
        Gross Profit: -3572.12
        Net Profit: -3834.49
        Commission: 262.36
        
2025-02-09 21:18:20,749 - 2021-05-19 BUY CREATE at 122.32, Size: 1055 shares (Trade #177)
2025-02-09 21:18:20,749 - 2021-05-20 BUY EXECUTED - Price: 122.85, Size: 1055 shares, Cost: 129604.75, Comm: 129.60
2025-02-09 21:18:20,749 - 2021-05-20 SELL CREATE at 124.89, Size: 1055 shares (Trade #177)
2025-02-09 21:18:20,749 - 2021-05-21 SELL EXECUTED - Price: 125.39, Size: 1055 shares, Cost: 129604.75, Comm: 132.29
2025-02-09 21:18:20,749 - 2021-05-21 
        TRADE COMPLETED:
        Gross Profit: 2680.46
        Net Profit: 2418.57
        Commission: 261.89
        
2025-02-09 21:18:20,749 - 2021-05-21 BUY CREATE at 123.04, Size: 1067 shares (Trade #178)
2025-02-09 21:18:20,749 - 2021-05-24 BUY EXECUTED - Price: 123.61, Size: 1067 shares, Cost: 131895.34, Comm: 131.90
2025-02-09 21:18:20,749 - 2021-05-24 SELL CREATE at 124.68, Size: 1067 shares (Trade #178)
2025-02-09 21:18:20,749 - 2021-05-25 SELL EXECUTED - Price: 125.39, Size: 1067 shares, Cost: 131895.34, Comm: 133.79
2025-02-09 21:18:20,749 - 2021-05-25 
        TRADE COMPLETED:
        Gross Profit: 1894.53
        Net Profit: 1628.84
        Commission: 265.69
        
2025-02-09 21:18:20,749 - 2021-05-27 BUY CREATE at 122.90, Size: 1081 shares (Trade #179)
2025-02-09 21:18:20,750 - 2021-05-28 BUY EXECUTED - Price: 123.18, Size: 1081 shares, Cost: 133159.33, Comm: 133.16
2025-02-09 21:18:20,750 - 2021-05-28 SELL CREATE at 122.24, Size: 1081 shares (Trade #179)
2025-02-09 21:18:20,750 - 2021-06-01 SELL EXECUTED - Price: 122.70, Size: 1081 shares, Cost: 133159.33, Comm: 132.64
2025-02-09 21:18:20,750 - 2021-06-01 
        TRADE COMPLETED:
        Gross Profit: -519.61
        Net Profit: -785.41
        Commission: 265.80
        
2025-02-09 21:18:20,750 - 2021-06-01 BUY CREATE at 121.92, Size: 1083 shares (Trade #180)
2025-02-09 21:18:20,750 - 2021-06-02 BUY EXECUTED - Price: 121.92, Size: 1083 shares, Cost: 132035.20, Comm: 132.04
2025-02-09 21:18:20,750 - 2021-06-02 SELL CREATE at 122.68, Size: 1083 shares (Trade #180)
2025-02-09 21:18:20,750 - 2021-06-03 SELL EXECUTED - Price: 122.31, Size: 1083 shares, Cost: 132035.20, Comm: 132.46
2025-02-09 21:18:20,750 - 2021-06-03 
        TRADE COMPLETED:
        Gross Profit: 424.97
        Net Profit: 160.47
        Commission: 264.50
        
2025-02-09 21:18:20,750 - 2021-06-03 BUY CREATE at 121.19, Size: 1091 shares (Trade #181)
2025-02-09 21:18:20,750 - 2021-06-04 BUY EXECUTED - Price: 121.71, Size: 1091 shares, Cost: 132785.77, Comm: 132.79
2025-02-09 21:18:20,750 - 2021-06-04 SELL CREATE at 123.50, Size: 1091 shares (Trade #181)
2025-02-09 21:18:20,750 - 2021-06-07 SELL EXECUTED - Price: 123.77, Size: 1091 shares, Cost: 132785.77, Comm: 135.03
2025-02-09 21:18:20,750 - 2021-06-07 
        TRADE COMPLETED:
        Gross Profit: 2247.51
        Net Profit: 1979.69
        Commission: 267.82
        
2025-02-09 21:18:20,750 - 2021-06-07 BUY CREATE at 123.51, Size: 1086 shares (Trade #182)
2025-02-09 21:18:20,750 - 2021-06-08 BUY EXECUTED - Price: 124.19, Size: 1086 shares, Cost: 134872.52, Comm: 134.87
2025-02-09 21:18:20,751 - 2021-06-14 SELL CREATE at 128.00, Size: 1086 shares (Trade #182)
2025-02-09 21:18:20,751 - 2021-06-15 SELL EXECUTED - Price: 127.47, Size: 1086 shares, Cost: 134872.52, Comm: 138.43
2025-02-09 21:18:20,751 - 2021-06-15 
        TRADE COMPLETED:
        Gross Profit: 3558.25
        Net Profit: 3284.95
        Commission: 273.30
        
2025-02-09 21:18:20,751 - 2021-06-15 BUY CREATE at 127.17, Size: 1079 shares (Trade #183)
2025-02-09 21:18:20,751 - 2021-06-16 BUY EXECUTED - Price: 127.89, Size: 1079 shares, Cost: 137993.67, Comm: 137.99
2025-02-09 21:18:20,751 - 2021-06-16 SELL CREATE at 127.67, Size: 1079 shares (Trade #183)
2025-02-09 21:18:20,751 - 2021-06-17 SELL EXECUTED - Price: 127.33, Size: 1079 shares, Cost: 137993.67, Comm: 137.39
2025-02-09 21:18:20,751 - 2021-06-17 
        TRADE COMPLETED:
        Gross Profit: -603.37
        Net Profit: -878.75
        Commission: 275.38
        
2025-02-09 21:18:20,751 - 2021-06-17 BUY CREATE at 129.28, Size: 1055 shares (Trade #184)
2025-02-09 21:18:20,751 - 2021-06-18 BUY EXECUTED - Price: 128.22, Size: 1055 shares, Cost: 135276.15, Comm: 135.28
2025-02-09 21:18:20,751 - 2021-06-18 SELL CREATE at 127.98, Size: 1055 shares (Trade #184)
2025-02-09 21:18:20,751 - 2021-06-21 SELL EXECUTED - Price: 127.82, Size: 1055 shares, Cost: 135276.15, Comm: 134.85
2025-02-09 21:18:20,751 - 2021-06-21 
        TRADE COMPLETED:
        Gross Profit: -424.30
        Net Profit: -694.43
        Commission: 270.13
        
2025-02-09 21:18:20,751 - 2021-06-21 BUY CREATE at 129.78, Size: 1046 shares (Trade #185)
2025-02-09 21:18:20,752 - 2021-06-22 BUY EXECUTED - Price: 129.62, Size: 1046 shares, Cost: 135579.23, Comm: 135.58
2025-02-09 21:18:20,752 - 2021-06-22 SELL CREATE at 131.43, Size: 1046 shares (Trade #185)
2025-02-09 21:18:20,752 - 2021-06-23 SELL EXECUTED - Price: 131.23, Size: 1046 shares, Cost: 135579.23, Comm: 137.26
2025-02-09 21:18:20,752 - 2021-06-23 
        TRADE COMPLETED:
        Gross Profit: 1682.81
        Net Profit: 1409.97
        Commission: 272.84
        
2025-02-09 21:18:20,752 - 2021-06-23 BUY CREATE at 131.16, Size: 1045 shares (Trade #186)
2025-02-09 21:18:20,752 - 2021-06-24 BUY EXECUTED - Price: 131.89, Size: 1045 shares, Cost: 137827.87, Comm: 137.83
2025-02-09 21:18:20,752 - 2021-06-24 SELL CREATE at 130.87, Size: 1045 shares (Trade #186)
2025-02-09 21:18:20,752 - 2021-06-25 SELL EXECUTED - Price: 130.92, Size: 1045 shares, Cost: 137827.87, Comm: 136.81
2025-02-09 21:18:20,752 - 2021-06-25 
        TRADE COMPLETED:
        Gross Profit: -1014.86
        Net Profit: -1289.50
        Commission: 274.64
        
2025-02-09 21:18:20,752 - 2021-06-25 BUY CREATE at 130.58, Size: 1040 shares (Trade #187)
2025-02-09 21:18:20,752 - 2021-06-28 BUY EXECUTED - Price: 130.87, Size: 1040 shares, Cost: 136107.39, Comm: 136.11
2025-02-09 21:18:20,752 - 2021-06-28 SELL CREATE at 132.22, Size: 1040 shares (Trade #187)
2025-02-09 21:18:20,752 - 2021-06-29 SELL EXECUTED - Price: 132.24, Size: 1040 shares, Cost: 136107.39, Comm: 137.53
2025-02-09 21:18:20,752 - 2021-06-29 
        TRADE COMPLETED:
        Gross Profit: 1418.11
        Net Profit: 1144.47
        Commission: 273.63
        
2025-02-09 21:18:20,752 - 2021-06-29 BUY CREATE at 133.74, Size: 1024 shares (Trade #188)
2025-02-09 21:18:20,753 - 2021-06-30 BUY EXECUTED - Price: 133.58, Size: 1024 shares, Cost: 136785.92, Comm: 136.79
2025-02-09 21:18:20,753 - 2021-06-30 SELL CREATE at 134.35, Size: 1024 shares (Trade #188)
2025-02-09 21:18:20,753 - 2021-07-01 SELL EXECUTED - Price: 134.00, Size: 1024 shares, Cost: 136785.92, Comm: 137.22
2025-02-09 21:18:20,753 - 2021-07-01 
        TRADE COMPLETED:
        Gross Profit: 431.99
        Net Profit: 157.99
        Commission: 274.00
        
2025-02-09 21:18:20,753 - 2021-07-01 BUY CREATE at 134.66, Size: 1018 shares (Trade #189)
2025-02-09 21:18:20,753 - 2021-07-02 BUY EXECUTED - Price: 135.28, Size: 1018 shares, Cost: 137712.08, Comm: 137.71
2025-02-09 21:18:20,753 - 2021-07-02 SELL CREATE at 137.30, Size: 1018 shares (Trade #189)
2025-02-09 21:18:20,753 - 2021-07-06 SELL EXECUTED - Price: 137.41, Size: 1018 shares, Cost: 137712.08, Comm: 139.88
2025-02-09 21:18:20,753 - 2021-07-06 
        TRADE COMPLETED:
        Gross Profit: 2167.04
        Net Profit: 1889.45
        Commission: 277.59
        
2025-02-09 21:18:20,753 - 2021-07-06 BUY CREATE at 139.32, Size: 997 shares (Trade #190)
2025-02-09 21:18:20,753 - 2021-07-07 BUY EXECUTED - Price: 140.81, Size: 997 shares, Cost: 140387.37, Comm: 140.39
2025-02-09 21:18:20,753 - 2021-07-07 SELL CREATE at 141.82, Size: 997 shares (Trade #190)
2025-02-09 21:18:20,753 - 2021-07-08 SELL EXECUTED - Price: 138.89, Size: 997 shares, Cost: 140387.37, Comm: 138.47
2025-02-09 21:18:20,753 - 2021-07-08 
        TRADE COMPLETED:
        Gross Profit: -1916.91
        Net Profit: -2195.77
        Commission: 278.86
        
2025-02-09 21:18:20,753 - 2021-07-08 BUY CREATE at 140.52, Size: 974 shares (Trade #191)
2025-02-09 21:18:20,753 - 2021-07-09 BUY EXECUTED - Price: 140.03, Size: 974 shares, Cost: 136393.93, Comm: 136.39
2025-02-09 21:18:20,754 - 2021-07-09 SELL CREATE at 142.35, Size: 974 shares (Trade #191)
2025-02-09 21:18:20,754 - 2021-07-12 SELL EXECUTED - Price: 143.43, Size: 974 shares, Cost: 136393.93, Comm: 139.70
2025-02-09 21:18:20,754 - 2021-07-12 
        TRADE COMPLETED:
        Gross Profit: 3305.93
        Net Profit: 3029.83
        Commission: 276.09
        
2025-02-09 21:18:20,754 - 2021-07-12 BUY CREATE at 141.75, Size: 985 shares (Trade #192)
2025-02-09 21:18:20,754 - 2021-07-13 BUY EXECUTED - Price: 141.29, Size: 985 shares, Cost: 139171.14, Comm: 139.17
2025-02-09 21:18:20,754 - 2021-07-13 SELL CREATE at 142.87, Size: 985 shares (Trade #192)
2025-02-09 21:18:20,754 - 2021-07-14 SELL EXECUTED - Price: 145.28, Size: 985 shares, Cost: 139171.14, Comm: 143.10
2025-02-09 21:18:20,754 - 2021-07-14 
        TRADE COMPLETED:
        Gross Profit: 3932.71
        Net Profit: 3650.43
        Commission: 282.27
        
2025-02-09 21:18:20,754 - 2021-07-14 BUY CREATE at 146.31, Size: 978 shares (Trade #193)
2025-02-09 21:18:20,754 - 2021-07-15 BUY EXECUTED - Price: 146.40, Size: 978 shares, Cost: 143180.58, Comm: 143.18
2025-02-09 21:18:20,754 - 2021-07-15 SELL CREATE at 145.66, Size: 978 shares (Trade #193)
2025-02-09 21:18:20,754 - 2021-07-16 SELL EXECUTED - Price: 145.64, Size: 978 shares, Cost: 143180.58, Comm: 142.43
2025-02-09 21:18:20,754 - 2021-07-16 
        TRADE COMPLETED:
        Gross Profit: -748.35
        Net Profit: -1033.96
        Commission: 285.61
        
2025-02-09 21:18:20,754 - 2021-07-16 BUY CREATE at 143.61, Size: 990 shares (Trade #194)
2025-02-09 21:18:20,754 - 2021-07-19 BUY EXECUTED - Price: 141.02, Size: 990 shares, Cost: 139605.66, Comm: 139.61
2025-02-09 21:18:20,754 - 2021-07-20 SELL CREATE at 143.37, Size: 990 shares (Trade #194)
2025-02-09 21:18:20,755 - 2021-07-21 SELL EXECUTED - Price: 142.76, Size: 990 shares, Cost: 139605.66, Comm: 141.33
2025-02-09 21:18:20,755 - 2021-07-21 
        TRADE COMPLETED:
        Gross Profit: 1728.71
        Net Profit: 1447.77
        Commission: 280.94
        
2025-02-09 21:18:20,755 - 2021-08-17 BUY CREATE at 147.55, Size: 973 shares (Trade #195)
2025-02-09 21:18:20,755 - 2021-08-18 BUY EXECUTED - Price: 147.17, Size: 973 shares, Cost: 143197.32, Comm: 143.20
2025-02-09 21:18:20,755 - 2021-08-18 SELL CREATE at 143.79, Size: 973 shares (Trade #195)
2025-02-09 21:18:20,755 - 2021-08-19 SELL EXECUTED - Price: 142.48, Size: 973 shares, Cost: 143197.32, Comm: 138.64
2025-02-09 21:18:20,755 - 2021-08-19 
        TRADE COMPLETED:
        Gross Profit: -4559.76
        Net Profit: -4841.59
        Commission: 281.83
        
2025-02-09 21:18:20,756 - 2021-08-31 BUY CREATE at 149.17, Size: 931 shares (Trade #196)
2025-02-09 21:18:20,756 - 2021-09-01 BUY EXECUTED - Price: 150.15, Size: 931 shares, Cost: 139787.56, Comm: 139.79
2025-02-09 21:18:20,756 - 2021-09-01 SELL CREATE at 149.83, Size: 931 shares (Trade #196)
2025-02-09 21:18:20,756 - 2021-09-02 SELL EXECUTED - Price: 151.17, Size: 931 shares, Cost: 139787.56, Comm: 140.74
2025-02-09 21:18:20,756 - 2021-09-02 
        TRADE COMPLETED:
        Gross Profit: 951.23
        Net Profit: 670.70
        Commission: 280.53
        
2025-02-09 21:18:20,756 - 2021-09-02 BUY CREATE at 150.95, Size: 925 shares (Trade #197)
2025-02-09 21:18:20,756 - 2021-09-03 BUY EXECUTED - Price: 151.06, Size: 925 shares, Cost: 139731.83, Comm: 139.73
2025-02-09 21:18:20,756 - 2021-09-03 SELL CREATE at 151.59, Size: 925 shares (Trade #197)
2025-02-09 21:18:20,756 - 2021-09-07 SELL EXECUTED - Price: 152.25, Size: 925 shares, Cost: 139731.83, Comm: 140.83
2025-02-09 21:18:20,756 - 2021-09-07 
        TRADE COMPLETED:
        Gross Profit: 1099.58
        Net Profit: 819.02
        Commission: 280.56
        
2025-02-09 21:18:20,756 - 2021-09-07 BUY CREATE at 153.94, Size: 912 shares (Trade #198)
2025-02-09 21:18:20,756 - 2021-09-08 BUY EXECUTED - Price: 154.22, Size: 912 shares, Cost: 140653.12, Comm: 140.65
2025-02-09 21:18:20,756 - 2021-09-08 SELL CREATE at 152.39, Size: 912 shares (Trade #198)
2025-02-09 21:18:20,756 - 2021-09-09 SELL EXECUTED - Price: 152.76, Size: 912 shares, Cost: 140653.12, Comm: 139.32
2025-02-09 21:18:20,756 - 2021-09-09 
        TRADE COMPLETED:
        Gross Profit: -1335.04
        Net Profit: -1615.01
        Commission: 279.97
        
2025-02-09 21:18:20,756 - 2021-09-09 BUY CREATE at 151.37, Size: 917 shares (Trade #199)
2025-02-09 21:18:20,757 - 2021-09-10 BUY EXECUTED - Price: 152.28, Size: 917 shares, Cost: 139640.47, Comm: 139.64
2025-02-09 21:18:20,757 - 2021-09-10 SELL CREATE at 146.36, Size: 917 shares (Trade #199)
2025-02-09 21:18:20,757 - 2021-09-13 SELL EXECUTED - Price: 147.99, Size: 917 shares, Cost: 139640.47, Comm: 135.70
2025-02-09 21:18:20,757 - 2021-09-13 
        TRADE COMPLETED:
        Gross Profit: -3936.98
        Net Profit: -4212.33
        Commission: 275.34
        
2025-02-09 21:18:20,757 - 2021-09-17 BUY CREATE at 143.50, Size: 940 shares (Trade #200)
2025-02-09 21:18:20,757 - 2021-09-20 BUY EXECUTED - Price: 141.28, Size: 940 shares, Cost: 132799.65, Comm: 132.80
2025-02-09 21:18:20,757 - 2021-09-20 SELL CREATE at 140.43, Size: 940 shares (Trade #200)
2025-02-09 21:18:20,757 - 2021-09-21 SELL EXECUTED - Price: 141.40, Size: 940 shares, Cost: 132799.65, Comm: 132.92
2025-02-09 21:18:20,757 - 2021-09-21 
        TRADE COMPLETED:
        Gross Profit: 120.03
        Net Profit: -145.69
        Commission: 265.72
        
2025-02-09 21:18:20,757 - 2021-09-21 BUY CREATE at 140.91, Size: 956 shares (Trade #201)
2025-02-09 21:18:20,757 - 2021-09-22 BUY EXECUTED - Price: 141.91, Size: 956 shares, Cost: 135670.55, Comm: 135.67
2025-02-09 21:18:20,757 - 2021-09-22 SELL CREATE at 143.29, Size: 956 shares (Trade #201)
2025-02-09 21:18:20,757 - 2021-09-23 SELL EXECUTED - Price: 144.08, Size: 956 shares, Cost: 135670.55, Comm: 137.74
2025-02-09 21:18:20,757 - 2021-09-23 
        TRADE COMPLETED:
        Gross Profit: 2066.33
        Net Profit: 1792.92
        Commission: 273.41
        
2025-02-09 21:18:20,758 - 2021-09-27 BUY CREATE at 142.82, Size: 955 shares (Trade #202)
2025-02-09 21:18:20,758 - 2021-09-28 BUY EXECUTED - Price: 140.74, Size: 955 shares, Cost: 134402.77, Comm: 134.40
2025-02-09 21:18:20,758 - 2021-09-28 SELL CREATE at 139.42, Size: 955 shares (Trade #202)
2025-02-09 21:18:20,758 - 2021-09-29 SELL EXECUTED - Price: 139.97, Size: 955 shares, Cost: 134402.77, Comm: 133.67
2025-02-09 21:18:20,758 - 2021-09-29 
        TRADE COMPLETED:
        Gross Profit: -731.82
        Net Profit: -999.90
        Commission: 268.07
        
2025-02-09 21:18:20,758 - 2021-09-29 BUY CREATE at 140.32, Size: 965 shares (Trade #203)
2025-02-09 21:18:20,758 - 2021-09-30 BUY EXECUTED - Price: 141.14, Size: 965 shares, Cost: 136198.87, Comm: 136.20
2025-02-09 21:18:20,758 - 2021-09-30 SELL CREATE at 139.02, Size: 965 shares (Trade #203)
2025-02-09 21:18:20,758 - 2021-10-01 SELL EXECUTED - Price: 139.41, Size: 965 shares, Cost: 136198.87, Comm: 134.53
2025-02-09 21:18:20,758 - 2021-10-01 
        TRADE COMPLETED:
        Gross Profit: -1668.65
        Net Profit: -1939.38
        Commission: 270.73
        
2025-02-09 21:18:20,758 - 2021-10-01 BUY CREATE at 140.15, Size: 953 shares (Trade #204)
2025-02-09 21:18:20,758 - 2021-10-04 BUY EXECUTED - Price: 139.27, Size: 953 shares, Cost: 132726.23, Comm: 132.73
2025-02-09 21:18:20,758 - 2021-10-04 SELL CREATE at 136.70, Size: 953 shares (Trade #204)
2025-02-09 21:18:20,758 - 2021-10-05 SELL EXECUTED - Price: 137.04, Size: 953 shares, Cost: 132726.23, Comm: 130.60
2025-02-09 21:18:20,758 - 2021-10-05 
        TRADE COMPLETED:
        Gross Profit: -2125.32
        Net Profit: -2388.65
        Commission: 263.33
        
2025-02-09 21:18:20,758 - 2021-10-05 BUY CREATE at 138.63, Size: 947 shares (Trade #205)
2025-02-09 21:18:20,758 - 2021-10-06 BUY EXECUTED - Price: 137.02, Size: 947 shares, Cost: 129760.04, Comm: 129.76
2025-02-09 21:18:20,759 - 2021-10-06 SELL CREATE at 139.51, Size: 947 shares (Trade #205)
2025-02-09 21:18:20,759 - 2021-10-07 SELL EXECUTED - Price: 140.55, Size: 947 shares, Cost: 129760.04, Comm: 133.10
2025-02-09 21:18:20,759 - 2021-10-07 
        TRADE COMPLETED:
        Gross Profit: 3340.08
        Net Profit: 3077.22
        Commission: 262.86
        
2025-02-09 21:18:20,759 - 2021-10-08 BUY CREATE at 140.39, Size: 956 shares (Trade #206)
2025-02-09 21:18:20,759 - 2021-10-11 BUY EXECUTED - Price: 139.77, Size: 956 shares, Cost: 133623.07, Comm: 133.62
2025-02-09 21:18:20,759 - 2021-10-11 SELL CREATE at 140.30, Size: 956 shares (Trade #206)
2025-02-09 21:18:20,759 - 2021-10-12 SELL EXECUTED - Price: 140.72, Size: 956 shares, Cost: 133623.07, Comm: 134.52
2025-02-09 21:18:20,759 - 2021-10-12 
        TRADE COMPLETED:
        Gross Profit: 901.66
        Net Profit: 633.51
        Commission: 268.15
        
2025-02-09 21:18:20,759 - 2021-10-12 BUY CREATE at 139.03, Size: 970 shares (Trade #207)
2025-02-09 21:18:20,759 - 2021-10-13 BUY EXECUTED - Price: 138.76, Size: 970 shares, Cost: 134598.33, Comm: 134.60
2025-02-09 21:18:20,759 - 2021-10-13 SELL CREATE at 138.44, Size: 970 shares (Trade #207)
2025-02-09 21:18:20,759 - 2021-10-14 SELL EXECUTED - Price: 139.62, Size: 970 shares, Cost: 134598.33, Comm: 135.43
2025-02-09 21:18:20,759 - 2021-10-14 
        TRADE COMPLETED:
        Gross Profit: 829.07
        Net Profit: 559.04
        Commission: 270.03
        
2025-02-09 21:18:20,759 - 2021-10-14 BUY CREATE at 141.24, Size: 959 shares (Trade #208)
2025-02-09 21:18:20,760 - 2021-10-15 BUY EXECUTED - Price: 141.25, Size: 959 shares, Cost: 135455.66, Comm: 135.46
2025-02-09 21:18:20,760 - 2021-10-18 SELL CREATE at 143.98, Size: 959 shares (Trade #208)
2025-02-09 21:18:20,760 - 2021-10-19 SELL EXECUTED - Price: 144.43, Size: 959 shares, Cost: 135455.66, Comm: 138.51
2025-02-09 21:18:20,760 - 2021-10-19 
        TRADE COMPLETED:
        Gross Profit: 3052.61
        Net Profit: 2778.65
        Commission: 273.96
        
2025-02-09 21:18:20,760 - 2021-10-19 BUY CREATE at 146.15, Size: 944 shares (Trade #209)
2025-02-09 21:18:20,760 - 2021-10-20 BUY EXECUTED - Price: 146.09, Size: 944 shares, Cost: 137909.16, Comm: 137.91
2025-02-09 21:18:20,760 - 2021-10-20 SELL CREATE at 146.64, Size: 944 shares (Trade #209)
2025-02-09 21:18:20,760 - 2021-10-21 SELL EXECUTED - Price: 146.20, Size: 944 shares, Cost: 137909.16, Comm: 138.01
2025-02-09 21:18:20,760 - 2021-10-21 
        TRADE COMPLETED:
        Gross Profit: 102.03
        Net Profit: -173.89
        Commission: 275.92
        
2025-02-09 21:18:20,760 - 2021-10-21 BUY CREATE at 146.86, Size: 939 shares (Trade #210)
2025-02-09 21:18:20,760 - 2021-10-22 BUY EXECUTED - Price: 147.06, Size: 939 shares, Cost: 138092.03, Comm: 138.09
2025-02-09 21:18:20,760 - 2021-10-22 SELL CREATE at 146.08, Size: 939 shares (Trade #210)
2025-02-09 21:18:20,760 - 2021-10-25 SELL EXECUTED - Price: 146.07, Size: 939 shares, Cost: 138092.03, Comm: 137.16
2025-02-09 21:18:20,760 - 2021-10-25 
        TRADE COMPLETED:
        Gross Profit: -931.78
        Net Profit: -1207.03
        Commission: 275.25
        
2025-02-09 21:18:20,760 - 2021-10-25 BUY CREATE at 146.03, Size: 936 shares (Trade #211)
2025-02-09 21:18:20,760 - 2021-10-26 BUY EXECUTED - Price: 146.71, Size: 936 shares, Cost: 137319.80, Comm: 137.32
2025-02-09 21:18:20,760 - 2021-10-26 SELL CREATE at 146.70, Size: 936 shares (Trade #211)
2025-02-09 21:18:20,761 - 2021-10-27 SELL EXECUTED - Price: 146.74, Size: 936 shares, Cost: 137319.80, Comm: 137.35
2025-02-09 21:18:20,761 - 2021-10-27 
        TRADE COMPLETED:
        Gross Profit: 27.58
        Net Profit: -247.09
        Commission: 274.67
        
2025-02-09 21:18:20,761 - 2021-10-27 BUY CREATE at 146.24, Size: 933 shares (Trade #212)
2025-02-09 21:18:20,761 - 2021-10-28 BUY EXECUTED - Price: 147.19, Size: 933 shares, Cost: 137328.81, Comm: 137.33
2025-02-09 21:18:20,761 - 2021-10-28 SELL CREATE at 149.89, Size: 933 shares (Trade #212)
2025-02-09 21:18:20,761 - 2021-10-29 SELL EXECUTED - Price: 144.64, Size: 933 shares, Cost: 137328.81, Comm: 134.95
2025-02-09 21:18:20,761 - 2021-10-29 
        TRADE COMPLETED:
        Gross Profit: -2383.25
        Net Profit: -2655.52
        Commission: 272.27
        
2025-02-09 21:18:20,761 - 2021-10-29 BUY CREATE at 147.17, Size: 910 shares (Trade #213)
2025-02-09 21:18:20,761 - 2021-11-01 BUY EXECUTED - Price: 146.38, Size: 910 shares, Cost: 133201.40, Comm: 133.20
2025-02-09 21:18:20,761 - 2021-11-03 SELL CREATE at 148.83, Size: 910 shares (Trade #213)
2025-02-09 21:18:20,761 - 2021-11-04 SELL EXECUTED - Price: 148.92, Size: 910 shares, Cost: 133201.40, Comm: 135.52
2025-02-09 21:18:20,761 - 2021-11-04 
        TRADE COMPLETED:
        Gross Profit: 2315.50
        Net Profit: 2046.78
        Commission: 268.72
        
2025-02-09 21:18:20,761 - 2021-11-04 BUY CREATE at 148.31, Size: 916 shares (Trade #214)
2025-02-09 21:18:20,762 - 2021-11-05 BUY EXECUTED - Price: 149.44, Size: 916 shares, Cost: 136888.90, Comm: 136.89
2025-02-09 21:18:20,762 - 2021-11-05 SELL CREATE at 148.84, Size: 916 shares (Trade #214)
2025-02-09 21:18:20,762 - 2021-11-08 SELL EXECUTED - Price: 148.97, Size: 916 shares, Cost: 136888.90, Comm: 136.46
2025-02-09 21:18:20,762 - 2021-11-08 
        TRADE COMPLETED:
        Gross Profit: -432.59
        Net Profit: -705.94
        Commission: 273.35
        
2025-02-09 21:18:20,762 - 2021-11-08 BUY CREATE at 148.02, Size: 914 shares (Trade #215)
2025-02-09 21:18:20,762 - 2021-11-09 BUY EXECUTED - Price: 147.78, Size: 914 shares, Cost: 135070.24, Comm: 135.07
2025-02-09 21:18:20,762 - 2021-11-10 SELL CREATE at 145.54, Size: 914 shares (Trade #215)
2025-02-09 21:18:20,762 - 2021-11-11 SELL EXECUTED - Price: 146.56, Size: 914 shares, Cost: 135070.24, Comm: 133.96
2025-02-09 21:18:20,762 - 2021-11-11 
        TRADE COMPLETED:
        Gross Profit: -1115.08
        Net Profit: -1384.10
        Commission: 269.03
        
2025-02-09 21:18:20,762 - 2021-11-17 BUY CREATE at 151.02, Size: 887 shares (Trade #216)
2025-02-09 21:18:20,762 - 2021-11-18 BUY EXECUTED - Price: 151.23, Size: 887 shares, Cost: 134143.41, Comm: 134.14
2025-02-09 21:18:20,762 - 2021-11-18 SELL CREATE at 155.33, Size: 887 shares (Trade #216)
2025-02-09 21:18:20,762 - 2021-11-19 SELL EXECUTED - Price: 155.11, Size: 887 shares, Cost: 134143.41, Comm: 137.58
2025-02-09 21:18:20,762 - 2021-11-19 
        TRADE COMPLETED:
        Gross Profit: 3438.43
        Net Profit: 3166.70
        Commission: 271.73
        
2025-02-09 21:18:20,762 - 2021-11-19 BUY CREATE at 157.96, Size: 867 shares (Trade #217)
2025-02-09 21:18:20,763 - 2021-11-22 BUY EXECUTED - Price: 159.07, Size: 867 shares, Cost: 137917.36, Comm: 137.92
2025-02-09 21:18:20,763 - 2021-11-22 SELL CREATE at 158.42, Size: 867 shares (Trade #217)
2025-02-09 21:18:20,763 - 2021-11-23 SELL EXECUTED - Price: 158.52, Size: 867 shares, Cost: 137917.36, Comm: 137.44
2025-02-09 21:18:20,763 - 2021-11-23 
        TRADE COMPLETED:
        Gross Profit: -477.67
        Net Profit: -753.02
        Commission: 275.36
        
2025-02-09 21:18:20,763 - 2021-11-23 BUY CREATE at 158.81, Size: 858 shares (Trade #218)
2025-02-09 21:18:20,763 - 2021-11-24 BUY EXECUTED - Price: 158.16, Size: 858 shares, Cost: 135700.60, Comm: 135.70
2025-02-09 21:18:20,763 - 2021-11-24 SELL CREATE at 159.33, Size: 858 shares (Trade #218)
2025-02-09 21:18:20,763 - 2021-11-26 SELL EXECUTED - Price: 157.00, Size: 858 shares, Cost: 135700.60, Comm: 134.70
2025-02-09 21:18:20,763 - 2021-11-26 
        TRADE COMPLETED:
        Gross Profit: -996.10
        Net Profit: -1266.50
        Commission: 270.41
        
2025-02-09 21:18:20,763 - 2021-11-26 BUY CREATE at 154.28, Size: 875 shares (Trade #219)
2025-02-09 21:18:20,763 - 2021-11-29 BUY EXECUTED - Price: 156.80, Size: 875 shares, Cost: 137201.30, Comm: 137.20
2025-02-09 21:18:20,763 - 2021-11-29 SELL CREATE at 157.66, Size: 875 shares (Trade #219)
2025-02-09 21:18:20,763 - 2021-11-30 SELL EXECUTED - Price: 157.41, Size: 875 shares, Cost: 137201.30, Comm: 137.74
2025-02-09 21:18:20,763 - 2021-11-30 
        TRADE COMPLETED:
        Gross Profit: 533.76
        Net Profit: 258.82
        Commission: 274.94
        
2025-02-09 21:18:20,763 - 2021-11-30 BUY CREATE at 162.64, Size: 832 shares (Trade #220)
2025-02-09 21:18:20,763 - 2021-12-01 BUY EXECUTED - Price: 164.78, Size: 832 shares, Cost: 137097.61, Comm: 137.10
2025-02-09 21:18:20,764 - 2021-12-01 SELL CREATE at 162.11, Size: 832 shares (Trade #220)
2025-02-09 21:18:20,764 - 2021-12-02 SELL EXECUTED - Price: 156.18, Size: 832 shares, Cost: 137097.61, Comm: 129.94
2025-02-09 21:18:20,764 - 2021-12-02 
        TRADE COMPLETED:
        Gross Profit: -7154.50
        Net Profit: -7421.54
        Commission: 267.04
        
2025-02-09 21:18:20,764 - 2021-12-02 BUY CREATE at 161.12, Size: 796 shares (Trade #221)
2025-02-09 21:18:20,764 - 2021-12-03 BUY EXECUTED - Price: 161.38, Size: 796 shares, Cost: 128455.73, Comm: 128.46
2025-02-09 21:18:20,764 - 2021-12-03 SELL CREATE at 159.23, Size: 796 shares (Trade #221)
2025-02-09 21:18:20,764 - 2021-12-06 SELL EXECUTED - Price: 161.64, Size: 796 shares, Cost: 128455.73, Comm: 128.67
2025-02-09 21:18:20,764 - 2021-12-06 
        TRADE COMPLETED:
        Gross Profit: 211.43
        Net Profit: -45.69
        Commission: 257.12
        
2025-02-09 21:18:20,764 - 2021-12-06 BUY CREATE at 162.66, Size: 788 shares (Trade #222)
2025-02-09 21:18:20,764 - 2021-12-07 BUY EXECUTED - Price: 166.35, Size: 788 shares, Cost: 131087.73, Comm: 131.09
2025-02-09 21:18:20,764 - 2021-12-07 SELL CREATE at 168.42, Size: 788 shares (Trade #222)
2025-02-09 21:18:20,764 - 2021-12-08 SELL EXECUTED - Price: 169.36, Size: 788 shares, Cost: 131087.73, Comm: 133.45
2025-02-09 21:18:20,764 - 2021-12-08 
        TRADE COMPLETED:
        Gross Profit: 2364.68
        Net Profit: 2100.14
        Commission: 264.54
        
2025-02-09 21:18:20,764 - 2021-12-08 BUY CREATE at 172.26, Size: 755 shares (Trade #223)
2025-02-09 21:18:20,764 - 2021-12-09 BUY EXECUTED - Price: 172.09, Size: 755 shares, Cost: 129928.73, Comm: 129.93
2025-02-09 21:18:20,764 - 2021-12-09 SELL CREATE at 171.75, Size: 755 shares (Trade #223)
2025-02-09 21:18:20,765 - 2021-12-10 SELL EXECUTED - Price: 172.39, Size: 755 shares, Cost: 129928.73, Comm: 130.15
2025-02-09 21:18:20,765 - 2021-12-10 
        TRADE COMPLETED:
        Gross Profit: 222.84
        Net Profit: -37.24
        Commission: 260.08
        
2025-02-09 21:18:20,765 - 2021-12-10 BUY CREATE at 176.56, Size: 737 shares (Trade #224)
2025-02-09 21:18:20,765 - 2021-12-13 BUY EXECUTED - Price: 178.20, Size: 737 shares, Cost: 131334.07, Comm: 131.33
2025-02-09 21:18:20,765 - 2021-12-13 SELL CREATE at 172.91, Size: 737 shares (Trade #224)
2025-02-09 21:18:20,765 - 2021-12-14 SELL EXECUTED - Price: 172.43, Size: 737 shares, Cost: 131334.07, Comm: 127.08
2025-02-09 21:18:20,765 - 2021-12-14 
        TRADE COMPLETED:
        Gross Profit: -4256.45
        Net Profit: -4514.87
        Commission: 258.41
        
2025-02-09 21:18:20,765 - 2021-12-14 BUY CREATE at 171.52, Size: 733 shares (Trade #225)
2025-02-09 21:18:20,765 - 2021-12-15 BUY EXECUTED - Price: 172.29, Size: 733 shares, Cost: 126286.98, Comm: 126.29
2025-02-09 21:18:20,765 - 2021-12-15 SELL CREATE at 176.41, Size: 733 shares (Trade #225)
2025-02-09 21:18:20,765 - 2021-12-16 SELL EXECUTED - Price: 176.39, Size: 733 shares, Cost: 126286.98, Comm: 129.29
2025-02-09 21:18:20,765 - 2021-12-16 
        TRADE COMPLETED:
        Gross Profit: 3007.30
        Net Profit: 2751.72
        Commission: 255.58
        
2025-02-09 21:18:20,765 - 2021-12-16 BUY CREATE at 169.48, Size: 758 shares (Trade #226)
2025-02-09 21:18:20,765 - 2021-12-17 BUY EXECUTED - Price: 167.19, Size: 758 shares, Cost: 126730.98, Comm: 126.73
2025-02-09 21:18:20,765 - 2021-12-17 SELL CREATE at 168.38, Size: 758 shares (Trade #226)
2025-02-09 21:18:20,765 - 2021-12-20 SELL EXECUTED - Price: 165.57, Size: 758 shares, Cost: 126730.98, Comm: 125.50
2025-02-09 21:18:20,765 - 2021-12-20 
        TRADE COMPLETED:
        Gross Profit: -1230.53
        Net Profit: -1482.76
        Commission: 252.23
        
2025-02-09 21:18:20,766 - 2022-01-18 BUY CREATE at 167.06, Size: 760 shares (Trade #227)
2025-02-09 21:18:20,766 - 2022-01-19 BUY EXECUTED - Price: 167.26, Size: 760 shares, Cost: 127117.72, Comm: 127.12
2025-02-09 21:18:20,766 - 2022-01-19 SELL CREATE at 163.55, Size: 760 shares (Trade #227)
2025-02-09 21:18:20,766 - 2022-01-20 SELL EXECUTED - Price: 164.29, Size: 760 shares, Cost: 127117.72, Comm: 124.86
2025-02-09 21:18:20,766 - 2022-01-20 
        TRADE COMPLETED:
        Gross Profit: -2258.21
        Net Profit: -2510.19
        Commission: 251.98
        
2025-02-09 21:18:20,766 - 2022-01-20 BUY CREATE at 161.86, Size: 770 shares (Trade #228)
2025-02-09 21:18:20,766 - 2022-01-21 BUY EXECUTED - Price: 161.77, Size: 770 shares, Cost: 124562.95, Comm: 124.56
2025-02-09 21:18:20,766 - 2022-01-21 SELL CREATE at 159.79, Size: 770 shares (Trade #228)
2025-02-09 21:18:20,767 - 2022-01-24 SELL EXECUTED - Price: 157.44, Size: 770 shares, Cost: 124562.95, Comm: 121.23
2025-02-09 21:18:20,767 - 2022-01-24 
        TRADE COMPLETED:
        Gross Profit: -3333.36
        Net Profit: -3579.15
        Commission: 245.79
        
2025-02-09 21:18:20,767 - 2022-01-24 BUY CREATE at 159.02, Size: 762 shares (Trade #229)
2025-02-09 21:18:20,767 - 2022-01-25 BUY EXECUTED - Price: 156.42, Size: 762 shares, Cost: 119190.31, Comm: 119.19
2025-02-09 21:18:20,767 - 2022-01-25 SELL CREATE at 157.20, Size: 762 shares (Trade #229)
2025-02-09 21:18:20,767 - 2022-01-26 SELL EXECUTED - Price: 160.86, Size: 762 shares, Cost: 119190.31, Comm: 122.58
2025-02-09 21:18:20,767 - 2022-01-26 
        TRADE COMPLETED:
        Gross Profit: 3388.74
        Net Profit: 3146.97
        Commission: 241.77
        
2025-02-09 21:18:20,767 - 2022-01-26 BUY CREATE at 157.12, Size: 791 shares (Trade #230)
2025-02-09 21:18:20,767 - 2022-01-27 BUY EXECUTED - Price: 159.83, Size: 791 shares, Cost: 126426.98, Comm: 126.43
2025-02-09 21:18:20,767 - 2022-01-27 SELL CREATE at 156.65, Size: 791 shares (Trade #230)
2025-02-09 21:18:20,767 - 2022-01-28 SELL EXECUTED - Price: 163.04, Size: 791 shares, Cost: 126426.98, Comm: 128.96
2025-02-09 21:18:20,767 - 2022-01-28 
        TRADE COMPLETED:
        Gross Profit: 2537.12
        Net Profit: 2281.72
        Commission: 255.39
        
2025-02-09 21:18:20,767 - 2022-02-01 BUY CREATE at 171.80, Size: 736 shares (Trade #231)
2025-02-09 21:18:20,767 - 2022-02-02 BUY EXECUTED - Price: 171.93, Size: 736 shares, Cost: 126543.13, Comm: 126.54
2025-02-09 21:18:20,768 - 2022-02-07 SELL CREATE at 169.11, Size: 736 shares (Trade #231)
2025-02-09 21:18:20,768 - 2022-02-08 SELL EXECUTED - Price: 169.18, Size: 736 shares, Cost: 126543.13, Comm: 124.51
2025-02-09 21:18:20,768 - 2022-02-08 
        TRADE COMPLETED:
        Gross Profit: -2028.45
        Net Profit: -2279.51
        Commission: 251.06
        
2025-02-09 21:18:20,768 - 2022-02-08 BUY CREATE at 172.23, Size: 721 shares (Trade #232)
2025-02-09 21:18:20,768 - 2022-02-09 BUY EXECUTED - Price: 173.43, Size: 721 shares, Cost: 125045.43, Comm: 125.05
2025-02-09 21:18:20,768 - 2022-02-10 SELL CREATE at 169.56, Size: 721 shares (Trade #232)
2025-02-09 21:18:20,768 - 2022-02-11 SELL EXECUTED - Price: 169.77, Size: 721 shares, Cost: 125045.43, Comm: 122.40
2025-02-09 21:18:20,768 - 2022-02-11 
        TRADE COMPLETED:
        Gross Profit: -2642.24
        Net Profit: -2889.69
        Commission: 247.45
        
2025-02-09 21:18:20,768 - 2022-02-11 BUY CREATE at 166.13, Size: 731 shares (Trade #233)
2025-02-09 21:18:20,768 - 2022-02-14 BUY EXECUTED - Price: 164.88, Size: 731 shares, Cost: 120529.00, Comm: 120.53
2025-02-09 21:18:20,768 - 2022-02-17 SELL CREATE at 166.37, Size: 731 shares (Trade #233)
2025-02-09 21:18:20,768 - 2022-02-18 SELL EXECUTED - Price: 167.30, Size: 731 shares, Cost: 120529.00, Comm: 122.29
2025-02-09 21:18:20,768 - 2022-02-18 
        TRADE COMPLETED:
        Gross Profit: 1764.33
        Net Profit: 1521.51
        Commission: 242.82
        
2025-02-09 21:18:20,768 - 2022-02-18 BUY CREATE at 164.81, Size: 746 shares (Trade #234)
2025-02-09 21:18:20,769 - 2022-02-22 BUY EXECUTED - Price: 162.53, Size: 746 shares, Cost: 121245.79, Comm: 121.25
2025-02-09 21:18:20,769 - 2022-02-22 SELL CREATE at 161.88, Size: 746 shares (Trade #234)
2025-02-09 21:18:20,769 - 2022-02-23 SELL EXECUTED - Price: 163.08, Size: 746 shares, Cost: 121245.79, Comm: 121.66
2025-02-09 21:18:20,769 - 2022-02-23 
        TRADE COMPLETED:
        Gross Profit: 411.55
        Net Profit: 168.65
        Commission: 242.90
        
2025-02-09 21:18:20,769 - 2022-02-23 BUY CREATE at 157.69, Size: 781 shares (Trade #235)
2025-02-09 21:18:20,769 - 2022-02-24 BUY EXECUTED - Price: 150.31, Size: 781 shares, Cost: 117393.82, Comm: 117.39
2025-02-09 21:18:20,769 - 2022-02-24 SELL CREATE at 160.32, Size: 781 shares (Trade #235)
2025-02-09 21:18:20,769 - 2022-02-25 SELL EXECUTED - Price: 161.40, Size: 781 shares, Cost: 117393.82, Comm: 126.06
2025-02-09 21:18:20,769 - 2022-02-25 
        TRADE COMPLETED:
        Gross Profit: 8663.35
        Net Profit: 8419.90
        Commission: 243.45
        
2025-02-09 21:18:20,769 - 2022-02-25 BUY CREATE at 162.40, Size: 807 shares (Trade #236)
2025-02-09 21:18:20,769 - 2022-02-28 BUY EXECUTED - Price: 160.64, Size: 807 shares, Cost: 129633.58, Comm: 129.63
2025-02-09 21:18:20,769 - 2022-02-28 SELL CREATE at 162.67, Size: 807 shares (Trade #236)
2025-02-09 21:18:20,769 - 2022-03-01 SELL EXECUTED - Price: 162.25, Size: 807 shares, Cost: 129633.58, Comm: 130.94
2025-02-09 21:18:20,769 - 2022-03-01 
        TRADE COMPLETED:
        Gross Profit: 1303.79
        Net Profit: 1043.22
        Commission: 260.57
        
2025-02-09 21:18:20,769 - 2022-03-01 BUY CREATE at 160.77, Size: 821 shares (Trade #237)
2025-02-09 21:18:20,769 - 2022-03-02 BUY EXECUTED - Price: 161.95, Size: 821 shares, Cost: 132958.20, Comm: 132.96
2025-02-09 21:18:20,770 - 2022-03-02 SELL CREATE at 164.08, Size: 821 shares (Trade #237)
2025-02-09 21:18:20,770 - 2022-03-03 SELL EXECUTED - Price: 165.97, Size: 821 shares, Cost: 132958.20, Comm: 136.26
2025-02-09 21:18:20,770 - 2022-03-03 
        TRADE COMPLETED:
        Gross Profit: 3299.86
        Net Profit: 3030.65
        Commission: 269.22
        
2025-02-09 21:18:20,770 - 2022-03-04 BUY CREATE at 160.74, Size: 840 shares (Trade #238)
2025-02-09 21:18:20,770 - 2022-03-07 BUY EXECUTED - Price: 160.93, Size: 840 shares, Cost: 135182.84, Comm: 135.18
2025-02-09 21:18:20,770 - 2022-03-07 SELL CREATE at 156.93, Size: 840 shares (Trade #238)
2025-02-09 21:18:20,770 - 2022-03-08 SELL EXECUTED - Price: 156.46, Size: 840 shares, Cost: 135182.84, Comm: 131.43
2025-02-09 21:18:20,770 - 2022-03-08 
        TRADE COMPLETED:
        Gross Profit: -3756.92
        Net Profit: -4023.53
        Commission: 266.61
        
2025-02-09 21:18:20,770 - 2022-03-08 BUY CREATE at 155.10, Size: 845 shares (Trade #239)
2025-02-09 21:18:20,770 - 2022-03-09 BUY EXECUTED - Price: 159.08, Size: 845 shares, Cost: 134422.50, Comm: 134.42
2025-02-09 21:18:20,770 - 2022-03-09 SELL CREATE at 160.53, Size: 845 shares (Trade #239)
2025-02-09 21:18:20,770 - 2022-03-10 SELL EXECUTED - Price: 157.82, Size: 845 shares, Cost: 134422.50, Comm: 133.36
2025-02-09 21:18:20,770 - 2022-03-10 
        TRADE COMPLETED:
        Gross Profit: -1065.51
        Net Profit: -1333.29
        Commission: 267.78
        
2025-02-09 21:18:20,770 - 2022-03-10 BUY CREATE at 156.16, Size: 832 shares (Trade #240)
2025-02-09 21:18:20,770 - 2022-03-11 BUY EXECUTED - Price: 156.57, Size: 832 shares, Cost: 130264.42, Comm: 130.26
2025-02-09 21:18:20,770 - 2022-03-11 SELL CREATE at 152.43, Size: 832 shares (Trade #240)
2025-02-09 21:18:20,770 - 2022-03-14 SELL EXECUTED - Price: 149.20, Size: 832 shares, Cost: 130264.42, Comm: 124.13
2025-02-09 21:18:20,771 - 2022-03-14 
        TRADE COMPLETED:
        Gross Profit: -6130.88
        Net Profit: -6385.27
        Commission: 254.40
        
2025-02-09 21:18:20,771 - 2022-03-14 BUY CREATE at 148.38, Size: 834 shares (Trade #241)
2025-02-09 21:18:20,771 - 2022-03-15 BUY EXECUTED - Price: 148.66, Size: 834 shares, Cost: 123980.03, Comm: 123.98
2025-02-09 21:18:20,771 - 2022-03-15 SELL CREATE at 152.78, Size: 834 shares (Trade #241)
2025-02-09 21:18:20,771 - 2022-03-16 SELL EXECUTED - Price: 154.72, Size: 834 shares, Cost: 123980.03, Comm: 129.03
2025-02-09 21:18:20,771 - 2022-03-16 
        TRADE COMPLETED:
        Gross Profit: 5052.86
        Net Profit: 4799.85
        Commission: 253.01
        
2025-02-09 21:18:20,771 - 2022-03-18 BUY CREATE at 161.54, Size: 795 shares (Trade #242)
2025-02-09 21:18:20,771 - 2022-03-21 BUY EXECUTED - Price: 161.08, Size: 795 shares, Cost: 128058.37, Comm: 128.06
2025-02-09 21:18:20,771 - 2022-03-22 SELL CREATE at 166.31, Size: 795 shares (Trade #242)
2025-02-09 21:18:20,771 - 2022-03-23 SELL EXECUTED - Price: 165.49, Size: 795 shares, Cost: 128058.37, Comm: 131.57
2025-02-09 21:18:20,771 - 2022-03-23 
        TRADE COMPLETED:
        Gross Profit: 3508.68
        Net Profit: 3249.06
        Commission: 259.63
        
2025-02-09 21:18:20,771 - 2022-03-23 BUY CREATE at 167.68, Size: 784 shares (Trade #243)
2025-02-09 21:18:20,772 - 2022-03-24 BUY EXECUTED - Price: 168.52, Size: 784 shares, Cost: 132117.72, Comm: 132.12
2025-02-09 21:18:20,772 - 2022-03-24 SELL CREATE at 171.48, Size: 784 shares (Trade #243)
2025-02-09 21:18:20,772 - 2022-03-25 SELL EXECUTED - Price: 171.30, Size: 784 shares, Cost: 132117.72, Comm: 134.30
2025-02-09 21:18:20,772 - 2022-03-25 
        TRADE COMPLETED:
        Gross Profit: 2178.03
        Net Profit: 1911.61
        Commission: 266.41
        
2025-02-09 21:18:20,772 - 2022-03-25 BUY CREATE at 172.12, Size: 774 shares (Trade #244)
2025-02-09 21:18:20,772 - 2022-03-28 BUY EXECUTED - Price: 169.61, Size: 774 shares, Cost: 131278.91, Comm: 131.28
2025-02-09 21:18:20,772 - 2022-03-28 SELL CREATE at 172.99, Size: 774 shares (Trade #244)
2025-02-09 21:18:20,772 - 2022-03-29 SELL EXECUTED - Price: 174.06, Size: 774 shares, Cost: 131278.91, Comm: 134.73
2025-02-09 21:18:20,772 - 2022-03-29 
        TRADE COMPLETED:
        Gross Profit: 3446.47
        Net Profit: 3180.47
        Commission: 266.00
        
2025-02-09 21:18:20,772 - 2022-03-29 BUY CREATE at 176.30, Size: 773 shares (Trade #245)
2025-02-09 21:18:20,772 - 2022-03-30 BUY EXECUTED - Price: 175.90, Size: 773 shares, Cost: 135967.76, Comm: 135.97
2025-02-09 21:18:20,772 - 2022-03-30 SELL CREATE at 175.13, Size: 773 shares (Trade #245)
2025-02-09 21:18:20,773 - 2022-03-31 SELL EXECUTED - Price: 175.20, Size: 773 shares, Cost: 135967.76, Comm: 135.43
2025-02-09 21:18:20,773 - 2022-03-31 
        TRADE COMPLETED:
        Gross Profit: -540.69
        Net Profit: -812.09
        Commission: 271.39
        
2025-02-09 21:18:20,776 - 2022-03-31 BUY CREATE at 172.01, Size: 788 shares (Trade #246)
2025-02-09 21:18:20,777 - 2022-04-01 BUY EXECUTED - Price: 171.44, Size: 788 shares, Cost: 135097.38, Comm: 135.10
2025-02-09 21:18:20,777 - 2022-04-04 SELL CREATE at 175.79, Size: 788 shares (Trade #246)
2025-02-09 21:18:20,777 - 2022-04-05 SELL EXECUTED - Price: 174.86, Size: 788 shares, Cost: 135097.38, Comm: 137.79
2025-02-09 21:18:20,777 - 2022-04-05 
        TRADE COMPLETED:
        Gross Profit: 2693.71
        Net Profit: 2420.83
        Commission: 272.89
        
2025-02-09 21:18:20,777 - 2022-04-05 BUY CREATE at 172.46, Size: 799 shares (Trade #247)
2025-02-09 21:18:20,777 - 2022-04-06 BUY EXECUTED - Price: 169.80, Size: 799 shares, Cost: 135668.76, Comm: 135.67
2025-02-09 21:18:20,777 - 2022-04-08 SELL CREATE at 167.56, Size: 799 shares (Trade #247)
2025-02-09 21:18:20,777 - 2022-04-11 SELL EXECUTED - Price: 166.20, Size: 799 shares, Cost: 135668.76, Comm: 132.80
2025-02-09 21:18:20,777 - 2022-04-11 
        TRADE COMPLETED:
        Gross Profit: -2873.02
        Net Profit: -3141.48
        Commission: 268.46
        
2025-02-09 21:18:20,777 - 2022-04-11 BUY CREATE at 163.29, Size: 826 shares (Trade #248)
2025-02-09 21:18:20,778 - 2022-04-12 BUY EXECUTED - Price: 165.52, Size: 826 shares, Cost: 136721.76, Comm: 136.72
2025-02-09 21:18:20,778 - 2022-04-12 SELL CREATE at 165.17, Size: 826 shares (Trade #248)
2025-02-09 21:18:20,778 - 2022-04-13 SELL EXECUTED - Price: 164.90, Size: 826 shares, Cost: 136721.76, Comm: 136.21
2025-02-09 21:18:20,778 - 2022-04-13 
        TRADE COMPLETED:
        Gross Profit: -512.68
        Net Profit: -785.61
        Commission: 272.93
        
2025-02-09 21:18:20,778 - 2022-04-14 BUY CREATE at 162.83, Size: 823 shares (Trade #249)
2025-02-09 21:18:20,778 - 2022-04-18 BUY EXECUTED - Price: 161.48, Size: 823 shares, Cost: 132901.02, Comm: 132.90
2025-02-09 21:18:20,778 - 2022-04-18 SELL CREATE at 162.62, Size: 823 shares (Trade #249)
2025-02-09 21:18:20,778 - 2022-04-19 SELL EXECUTED - Price: 162.57, Size: 823 shares, Cost: 132901.02, Comm: 133.79
2025-02-09 21:18:20,778 - 2022-04-19 
        TRADE COMPLETED:
        Gross Profit: 891.86
        Net Profit: 625.16
        Commission: 266.69
        
2025-02-09 21:18:20,778 - 2022-04-22 BUY CREATE at 159.39, Size: 845 shares (Trade #250)
2025-02-09 21:18:20,778 - 2022-04-25 BUY EXECUTED - Price: 158.73, Size: 845 shares, Cost: 134122.82, Comm: 134.12
2025-02-09 21:18:20,778 - 2022-04-25 SELL CREATE at 160.46, Size: 845 shares (Trade #250)
2025-02-09 21:18:20,779 - 2022-04-26 SELL EXECUTED - Price: 159.84, Size: 845 shares, Cost: 134122.82, Comm: 135.06
2025-02-09 21:18:20,779 - 2022-04-26 
        TRADE COMPLETED:
        Gross Profit: 940.67
        Net Profit: 671.48
        Commission: 269.19
        
2025-02-09 21:18:20,779 - 2022-04-26 BUY CREATE at 154.47, Size: 876 shares (Trade #251)
2025-02-09 21:18:20,779 - 2022-04-27 BUY EXECUTED - Price: 153.59, Size: 876 shares, Cost: 134547.21, Comm: 134.55
2025-02-09 21:18:20,779 - 2022-04-27 SELL CREATE at 154.24, Size: 876 shares (Trade #251)
2025-02-09 21:18:20,779 - 2022-04-28 SELL EXECUTED - Price: 156.88, Size: 876 shares, Cost: 134547.21, Comm: 137.43
2025-02-09 21:18:20,779 - 2022-04-28 
        TRADE COMPLETED:
        Gross Profit: 2882.32
        Net Profit: 2610.34
        Commission: 271.98
        
2025-02-09 21:18:20,779 - 2022-04-29 BUY CREATE at 155.31, Size: 887 shares (Trade #252)
2025-02-09 21:18:20,779 - 2022-05-02 BUY EXECUTED - Price: 154.38, Size: 887 shares, Cost: 136935.75, Comm: 136.94
2025-02-09 21:18:20,779 - 2022-05-02 SELL CREATE at 155.61, Size: 887 shares (Trade #252)
2025-02-09 21:18:20,779 - 2022-05-03 SELL EXECUTED - Price: 155.80, Size: 887 shares, Cost: 136935.75, Comm: 138.19
2025-02-09 21:18:20,779 - 2022-05-03 
        TRADE COMPLETED:
        Gross Profit: 1258.31
        Net Profit: 983.18
        Commission: 275.13
        
2025-02-09 21:18:20,779 - 2022-05-03 BUY CREATE at 157.11, Size: 883 shares (Trade #253)
2025-02-09 21:18:20,779 - 2022-05-04 BUY EXECUTED - Price: 157.30, Size: 883 shares, Cost: 138893.06, Comm: 138.89
2025-02-09 21:18:20,780 - 2022-05-04 SELL CREATE at 163.55, Size: 883 shares (Trade #253)
2025-02-09 21:18:20,780 - 2022-05-05 SELL EXECUTED - Price: 161.41, Size: 883 shares, Cost: 138893.06, Comm: 142.53
2025-02-09 21:18:20,780 - 2022-05-05 
        TRADE COMPLETED:
        Gross Profit: 3636.08
        Net Profit: 3354.66
        Commission: 281.42
        
2025-02-09 21:18:20,780 - 2022-05-05 BUY CREATE at 154.44, Size: 919 shares (Trade #254)
2025-02-09 21:18:20,780 - 2022-05-06 BUY EXECUTED - Price: 153.92, Size: 919 shares, Cost: 141449.71, Comm: 141.45
2025-02-09 21:18:20,780 - 2022-05-06 SELL CREATE at 155.17, Size: 919 shares (Trade #254)
2025-02-09 21:18:20,780 - 2022-05-09 SELL EXECUTED - Price: 152.85, Size: 919 shares, Cost: 141449.71, Comm: 140.47
2025-02-09 21:18:20,780 - 2022-05-09 
        TRADE COMPLETED:
        Gross Profit: -979.19
        Net Profit: -1261.11
        Commission: 281.92
        
2025-02-09 21:18:20,780 - 2022-05-09 BUY CREATE at 150.02, Size: 938 shares (Trade #255)
2025-02-09 21:18:20,780 - 2022-05-10 BUY EXECUTED - Price: 153.43, Size: 938 shares, Cost: 143920.70, Comm: 143.92
2025-02-09 21:18:20,780 - 2022-05-10 SELL CREATE at 152.44, Size: 938 shares (Trade #255)
2025-02-09 21:18:20,780 - 2022-05-11 SELL EXECUTED - Price: 151.44, Size: 938 shares, Cost: 143920.70, Comm: 142.05
2025-02-09 21:18:20,780 - 2022-05-11 
        TRADE COMPLETED:
        Gross Profit: -1869.35
        Net Profit: -2155.32
        Commission: 285.97
        
2025-02-09 21:18:20,780 - 2022-05-11 BUY CREATE at 144.53, Size: 959 shares (Trade #256)
2025-02-09 21:18:20,780 - 2022-05-12 BUY EXECUTED - Price: 140.85, Size: 959 shares, Cost: 135079.57, Comm: 135.08
2025-02-09 21:18:20,780 - 2022-05-12 SELL CREATE at 140.65, Size: 959 shares (Trade #256)
2025-02-09 21:18:20,781 - 2022-05-13 SELL EXECUTED - Price: 142.65, Size: 959 shares, Cost: 135079.57, Comm: 136.80
2025-02-09 21:18:20,781 - 2022-05-13 
        TRADE COMPLETED:
        Gross Profit: 1721.98
        Net Profit: 1450.10
        Commission: 271.88
        
2025-02-09 21:18:20,781 - 2022-05-13 BUY CREATE at 145.14, Size: 965 shares (Trade #257)
2025-02-09 21:18:20,781 - 2022-05-16 BUY EXECUTED - Price: 143.60, Size: 965 shares, Cost: 138571.45, Comm: 138.57
2025-02-09 21:18:20,781 - 2022-05-16 SELL CREATE at 143.59, Size: 965 shares (Trade #257)
2025-02-09 21:18:20,781 - 2022-05-17 SELL EXECUTED - Price: 146.86, Size: 965 shares, Cost: 138571.45, Comm: 141.72
2025-02-09 21:18:20,781 - 2022-05-17 
        TRADE COMPLETED:
        Gross Profit: 3151.28
        Net Profit: 2870.99
        Commission: 280.29
        
2025-02-09 21:18:20,781 - 2022-05-17 BUY CREATE at 147.24, Size: 970 shares (Trade #258)
2025-02-09 21:18:20,781 - 2022-05-18 BUY EXECUTED - Price: 144.88, Size: 970 shares, Cost: 140533.49, Comm: 140.53
2025-02-09 21:18:20,781 - 2022-05-18 SELL CREATE at 138.93, Size: 970 shares (Trade #258)
2025-02-09 21:18:20,781 - 2022-05-19 SELL EXECUTED - Price: 138.00, Size: 970 shares, Cost: 140533.49, Comm: 133.86
2025-02-09 21:18:20,781 - 2022-05-19 
        TRADE COMPLETED:
        Gross Profit: -6670.21
        Net Profit: -6944.61
        Commission: 274.40
        
2025-02-09 21:18:20,781 - 2022-05-19 BUY CREATE at 135.51, Size: 1005 shares (Trade #259)
2025-02-09 21:18:20,781 - 2022-05-20 BUY EXECUTED - Price: 137.22, Size: 1005 shares, Cost: 137910.09, Comm: 137.91
2025-02-09 21:18:20,781 - 2022-05-20 SELL CREATE at 135.74, Size: 1005 shares (Trade #259)
2025-02-09 21:18:20,781 - 2022-05-23 SELL EXECUTED - Price: 135.94, Size: 1005 shares, Cost: 137910.09, Comm: 136.62
2025-02-09 21:18:20,781 - 2022-05-23 
        TRADE COMPLETED:
        Gross Profit: -1288.97
        Net Profit: -1563.50
        Commission: 274.53
        
2025-02-09 21:18:20,782 - 2022-05-23 BUY CREATE at 141.19, Size: 954 shares (Trade #260)
2025-02-09 21:18:20,782 - 2022-05-24 BUY EXECUTED - Price: 138.92, Size: 954 shares, Cost: 132530.56, Comm: 132.53
2025-02-09 21:18:20,782 - 2022-05-24 SELL CREATE at 138.48, Size: 954 shares (Trade #260)
2025-02-09 21:18:20,782 - 2022-05-25 SELL EXECUTED - Price: 136.57, Size: 954 shares, Cost: 132530.56, Comm: 130.29
2025-02-09 21:18:20,782 - 2022-05-25 
        TRADE COMPLETED:
        Gross Profit: -2240.07
        Net Profit: -2502.89
        Commission: 262.82
        
2025-02-09 21:18:20,782 - 2022-05-25 BUY CREATE at 138.63, Size: 954 shares (Trade #261)
2025-02-09 21:18:20,782 - 2022-05-26 BUY EXECUTED - Price: 135.55, Size: 954 shares, Cost: 129311.65, Comm: 129.31
2025-02-09 21:18:20,782 - 2022-05-26 SELL CREATE at 141.85, Size: 954 shares (Trade #261)
2025-02-09 21:18:20,782 - 2022-05-27 SELL EXECUTED - Price: 143.44, Size: 954 shares, Cost: 129311.65, Comm: 136.84
2025-02-09 21:18:20,782 - 2022-05-27 
        TRADE COMPLETED:
        Gross Profit: 7529.61
        Net Profit: 7263.46
        Commission: 266.15
        
2025-02-09 21:18:20,782 - 2022-05-27 BUY CREATE at 147.63, Size: 943 shares (Trade #262)
2025-02-09 21:18:20,782 - 2022-05-31 BUY EXECUTED - Price: 147.07, Size: 943 shares, Cost: 138687.13, Comm: 138.69
2025-02-09 21:18:20,782 - 2022-06-03 SELL CREATE at 143.43, Size: 943 shares (Trade #262)
2025-02-09 21:18:20,782 - 2022-06-06 SELL EXECUTED - Price: 145.06, Size: 943 shares, Cost: 138687.13, Comm: 136.79
2025-02-09 21:18:20,782 - 2022-06-06 
        TRADE COMPLETED:
        Gross Profit: -1897.92
        Net Profit: -2173.39
        Commission: 275.48
        
2025-02-09 21:18:20,783 - 2022-06-06 BUY CREATE at 144.18, Size: 951 shares (Trade #263)
2025-02-09 21:18:20,783 - 2022-06-07 BUY EXECUTED - Price: 142.41, Size: 951 shares, Cost: 135435.18, Comm: 135.44
2025-02-09 21:18:20,783 - 2022-06-09 SELL CREATE at 140.73, Size: 951 shares (Trade #263)
2025-02-09 21:18:20,783 - 2022-06-10 SELL EXECUTED - Price: 138.40, Size: 951 shares, Cost: 135435.18, Comm: 131.62
2025-02-09 21:18:20,783 - 2022-06-10 
        TRADE COMPLETED:
        Gross Profit: -3818.65
        Net Profit: -4085.71
        Commission: 267.05
        
2025-02-09 21:18:20,783 - 2022-06-10 BUY CREATE at 135.29, Size: 985 shares (Trade #264)
2025-02-09 21:18:20,783 - 2022-06-13 BUY EXECUTED - Price: 131.09, Size: 985 shares, Cost: 129121.12, Comm: 129.12
2025-02-09 21:18:20,783 - 2022-06-13 SELL CREATE at 130.11, Size: 985 shares (Trade #264)
2025-02-09 21:18:20,783 - 2022-06-14 SELL EXECUTED - Price: 131.34, Size: 985 shares, Cost: 129121.12, Comm: 129.37
2025-02-09 21:18:20,783 - 2022-06-14 
        TRADE COMPLETED:
        Gross Profit: 252.70
        Net Profit: -5.80
        Commission: 258.49
        
2025-02-09 21:18:20,783 - 2022-06-14 BUY CREATE at 130.98, Size: 1018 shares (Trade #265)
2025-02-09 21:18:20,783 - 2022-06-15 BUY EXECUTED - Price: 132.49, Size: 1018 shares, Cost: 134873.18, Comm: 134.87
2025-02-09 21:18:20,783 - 2022-06-15 SELL CREATE at 133.61, Size: 1018 shares (Trade #265)
2025-02-09 21:18:20,783 - 2022-06-16 SELL EXECUTED - Price: 130.31, Size: 1018 shares, Cost: 134873.18, Comm: 132.65
2025-02-09 21:18:20,783 - 2022-06-16 
        TRADE COMPLETED:
        Gross Profit: -2219.58
        Net Profit: -2487.11
        Commission: 267.53
        
2025-02-09 21:18:20,784 - 2022-06-16 BUY CREATE at 128.32, Size: 1020 shares (Trade #266)
2025-02-09 21:18:20,784 - 2022-06-17 BUY EXECUTED - Price: 128.33, Size: 1020 shares, Cost: 130891.51, Comm: 130.89
2025-02-09 21:18:20,784 - 2022-06-17 SELL CREATE at 129.80, Size: 1020 shares (Trade #266)
2025-02-09 21:18:20,784 - 2022-06-21 SELL EXECUTED - Price: 131.63, Size: 1020 shares, Cost: 130891.51, Comm: 134.26
2025-02-09 21:18:20,784 - 2022-06-21 
        TRADE COMPLETED:
        Gross Profit: 3371.17
        Net Profit: 3106.02
        Commission: 265.15
        
2025-02-09 21:18:20,784 - 2022-06-21 BUY CREATE at 134.05, Size: 999 shares (Trade #267)
2025-02-09 21:18:20,784 - 2022-06-22 BUY EXECUTED - Price: 132.98, Size: 999 shares, Cost: 132848.71, Comm: 132.85
2025-02-09 21:18:20,784 - 2022-06-22 SELL CREATE at 133.53, Size: 999 shares (Trade #267)
2025-02-09 21:18:20,784 - 2022-06-23 SELL EXECUTED - Price: 134.98, Size: 999 shares, Cost: 132848.71, Comm: 134.85
2025-02-09 21:18:20,784 - 2022-06-23 
        TRADE COMPLETED:
        Gross Profit: 2000.78
        Net Profit: 1733.08
        Commission: 267.70
        
2025-02-09 21:18:20,784 - 2022-06-23 BUY CREATE at 136.42, Size: 993 shares (Trade #268)
2025-02-09 21:18:20,784 - 2022-06-24 BUY EXECUTED - Price: 138.02, Size: 993 shares, Cost: 137056.96, Comm: 137.06
2025-02-09 21:18:20,784 - 2022-06-28 SELL CREATE at 135.60, Size: 993 shares (Trade #268)
2025-02-09 21:18:20,784 - 2022-06-29 SELL EXECUTED - Price: 135.62, Size: 993 shares, Cost: 137056.96, Comm: 134.67
2025-02-09 21:18:20,784 - 2022-06-29 
        TRADE COMPLETED:
        Gross Profit: -2390.39
        Net Profit: -2662.12
        Commission: 271.72
        
2025-02-09 21:18:20,784 - 2022-06-29 BUY CREATE at 137.36, Size: 968 shares (Trade #269)
2025-02-09 21:18:20,785 - 2022-06-30 BUY EXECUTED - Price: 135.41, Size: 968 shares, Cost: 131075.60, Comm: 131.08
2025-02-09 21:18:20,785 - 2022-07-07 SELL CREATE at 144.39, Size: 968 shares (Trade #269)
2025-02-09 21:18:20,785 - 2022-07-08 SELL EXECUTED - Price: 143.31, Size: 968 shares, Cost: 131075.60, Comm: 138.73
2025-02-09 21:18:20,785 - 2022-07-08 
        TRADE COMPLETED:
        Gross Profit: 7649.66
        Net Profit: 7379.86
        Commission: 269.80
        
2025-02-09 21:18:20,785 - 2022-07-08 BUY CREATE at 145.07, Size: 965 shares (Trade #270)
2025-02-09 21:18:20,785 - 2022-07-11 BUY EXECUTED - Price: 143.72, Size: 965 shares, Cost: 138685.66, Comm: 138.69
2025-02-09 21:18:20,785 - 2022-07-14 SELL CREATE at 146.48, Size: 965 shares (Trade #270)
2025-02-09 21:18:20,785 - 2022-07-15 SELL EXECUTED - Price: 147.77, Size: 965 shares, Cost: 138685.66, Comm: 142.60
2025-02-09 21:18:20,785 - 2022-07-15 
        TRADE COMPLETED:
        Gross Profit: 3912.94
        Net Profit: 3631.66
        Commission: 281.28
        
2025-02-09 21:18:20,785 - 2022-07-15 BUY CREATE at 148.16, Size: 968 shares (Trade #271)
2025-02-09 21:18:20,785 - 2022-07-18 BUY EXECUTED - Price: 148.72, Size: 968 shares, Cost: 143958.76, Comm: 143.96
2025-02-09 21:18:20,785 - 2022-07-18 SELL CREATE at 145.10, Size: 968 shares (Trade #271)
2025-02-09 21:18:20,786 - 2022-07-19 SELL EXECUTED - Price: 145.94, Size: 968 shares, Cost: 143958.76, Comm: 141.27
2025-02-09 21:18:20,786 - 2022-07-19 
        TRADE COMPLETED:
        Gross Profit: -2693.16
        Net Profit: -2978.38
        Commission: 285.22
        
2025-02-09 21:18:20,786 - 2022-07-19 BUY CREATE at 148.97, Size: 944 shares (Trade #272)
2025-02-09 21:18:20,786 - 2022-07-20 BUY EXECUTED - Price: 149.09, Size: 944 shares, Cost: 140743.42, Comm: 140.74
2025-02-09 21:18:20,786 - 2022-07-20 SELL CREATE at 150.99, Size: 944 shares (Trade #272)
2025-02-09 21:18:20,786 - 2022-07-21 SELL EXECUTED - Price: 152.43, Size: 944 shares, Cost: 140743.42, Comm: 143.89
2025-02-09 21:18:20,786 - 2022-07-21 
        TRADE COMPLETED:
        Gross Profit: 3147.93
        Net Profit: 2863.30
        Commission: 284.63
        
2025-02-09 21:18:20,786 - 2022-07-21 BUY CREATE at 153.27, Size: 935 shares (Trade #273)
2025-02-09 21:18:20,786 - 2022-07-22 BUY EXECUTED - Price: 153.31, Size: 935 shares, Cost: 143340.48, Comm: 143.34
2025-02-09 21:18:20,786 - 2022-07-22 SELL CREATE at 152.02, Size: 935 shares (Trade #273)
2025-02-09 21:18:20,786 - 2022-07-25 SELL EXECUTED - Price: 151.94, Size: 935 shares, Cost: 143340.48, Comm: 142.07
2025-02-09 21:18:20,786 - 2022-07-25 
        TRADE COMPLETED:
        Gross Profit: -1272.98
        Net Profit: -1558.39
        Commission: 285.41
        
2025-02-09 21:18:20,786 - 2022-07-25 BUY CREATE at 150.90, Size: 940 shares (Trade #274)
2025-02-09 21:18:20,786 - 2022-07-26 BUY EXECUTED - Price: 150.22, Size: 940 shares, Cost: 141204.26, Comm: 141.20
2025-02-09 21:18:20,786 - 2022-07-27 SELL CREATE at 154.69, Size: 940 shares (Trade #274)
2025-02-09 21:18:20,786 - 2022-07-28 SELL EXECUTED - Price: 154.87, Size: 940 shares, Cost: 141204.26, Comm: 145.58
2025-02-09 21:18:20,786 - 2022-07-28 
        TRADE COMPLETED:
        Gross Profit: 4377.29
        Net Profit: 4090.50
        Commission: 286.79
        
2025-02-09 21:18:20,787 - 2022-07-28 BUY CREATE at 155.24, Size: 939 shares (Trade #275)
2025-02-09 21:18:20,787 - 2022-07-29 BUY EXECUTED - Price: 159.08, Size: 939 shares, Cost: 149373.19, Comm: 149.37
2025-02-09 21:18:20,787 - 2022-07-29 SELL CREATE at 160.33, Size: 939 shares (Trade #275)
2025-02-09 21:18:20,787 - 2022-08-01 SELL EXECUTED - Price: 158.85, Size: 939 shares, Cost: 149373.19, Comm: 149.16
2025-02-09 21:18:20,787 - 2022-08-01 
        TRADE COMPLETED:
        Gross Profit: -213.11
        Net Profit: -511.65
        Commission: 298.53
        
2025-02-09 21:18:20,787 - 2022-08-01 BUY CREATE at 159.34, Size: 911 shares (Trade #276)
2025-02-09 21:18:20,787 - 2022-08-02 BUY EXECUTED - Price: 157.95, Size: 911 shares, Cost: 143894.41, Comm: 143.89
2025-02-09 21:18:20,787 - 2022-08-02 SELL CREATE at 157.86, Size: 911 shares (Trade #276)
2025-02-09 21:18:20,787 - 2022-08-03 SELL EXECUTED - Price: 158.68, Size: 911 shares, Cost: 143894.41, Comm: 144.56
2025-02-09 21:18:20,787 - 2022-08-03 
        TRADE COMPLETED:
        Gross Profit: 665.08
        Net Profit: 376.63
        Commission: 288.45
        
2025-02-09 21:18:20,787 - 2022-08-03 BUY CREATE at 163.90, Size: 888 shares (Trade #277)
2025-02-09 21:18:20,787 - 2022-08-04 BUY EXECUTED - Price: 163.78, Size: 888 shares, Cost: 145439.16, Comm: 145.44
2025-02-09 21:18:20,787 - 2022-08-04 SELL CREATE at 163.59, Size: 888 shares (Trade #277)
2025-02-09 21:18:20,787 - 2022-08-05 SELL EXECUTED - Price: 161.24, Size: 888 shares, Cost: 145439.16, Comm: 143.18
2025-02-09 21:18:20,787 - 2022-08-05 
        TRADE COMPLETED:
        Gross Profit: -2254.43
        Net Profit: -2543.05
        Commission: 288.62
        
2025-02-09 21:18:20,787 - 2022-08-05 BUY CREATE at 163.36, Size: 876 shares (Trade #278)
2025-02-09 21:18:20,788 - 2022-08-08 BUY EXECUTED - Price: 164.37, Size: 876 shares, Cost: 143984.61, Comm: 143.98
2025-02-09 21:18:20,788 - 2022-08-08 SELL CREATE at 162.88, Size: 876 shares (Trade #278)
2025-02-09 21:18:20,788 - 2022-08-09 SELL EXECUTED - Price: 162.04, Size: 876 shares, Cost: 143984.61, Comm: 141.95
2025-02-09 21:18:20,788 - 2022-08-09 
        TRADE COMPLETED:
        Gross Profit: -2033.78
        Net Profit: -2319.71
        Commission: 285.94
        
2025-02-09 21:18:20,788 - 2022-08-09 BUY CREATE at 162.93, Size: 865 shares (Trade #279)
2025-02-09 21:18:20,788 - 2022-08-10 BUY EXECUTED - Price: 165.66, Size: 865 shares, Cost: 143296.09, Comm: 143.30
2025-02-09 21:18:20,788 - 2022-08-10 SELL CREATE at 167.20, Size: 865 shares (Trade #279)
2025-02-09 21:18:20,788 - 2022-08-11 SELL EXECUTED - Price: 168.01, Size: 865 shares, Cost: 143296.09, Comm: 145.33
2025-02-09 21:18:20,788 - 2022-08-11 
        TRADE COMPLETED:
        Gross Profit: 2033.92
        Net Profit: 1745.29
        Commission: 288.63
        
2025-02-09 21:18:20,788 - 2022-08-11 BUY CREATE at 166.46, Size: 857 shares (Trade #280)
2025-02-09 21:18:20,788 - 2022-08-12 BUY EXECUTED - Price: 167.77, Size: 857 shares, Cost: 143782.71, Comm: 143.78
2025-02-09 21:18:20,788 - 2022-08-12 SELL CREATE at 170.03, Size: 857 shares (Trade #280)
2025-02-09 21:18:20,788 - 2022-08-15 SELL EXECUTED - Price: 169.45, Size: 857 shares, Cost: 143782.71, Comm: 145.22
2025-02-09 21:18:20,788 - 2022-08-15 
        TRADE COMPLETED:
        Gross Profit: 1439.34
        Net Profit: 1150.34
        Commission: 289.00
        
2025-02-09 21:18:20,788 - 2022-08-15 BUY CREATE at 171.10, Size: 840 shares (Trade #281)
2025-02-09 21:18:20,788 - 2022-08-16 BUY EXECUTED - Price: 170.70, Size: 840 shares, Cost: 143387.01, Comm: 143.39
2025-02-09 21:18:20,788 - 2022-08-16 SELL CREATE at 170.95, Size: 840 shares (Trade #281)
2025-02-09 21:18:20,789 - 2022-08-17 SELL EXECUTED - Price: 170.69, Size: 840 shares, Cost: 143387.01, Comm: 143.38
2025-02-09 21:18:20,789 - 2022-08-17 
        TRADE COMPLETED:
        Gross Profit: -8.33
        Net Profit: -295.10
        Commission: 286.77
        
2025-02-09 21:18:20,789 - 2022-08-17 BUY CREATE at 172.45, Size: 832 shares (Trade #282)
2025-02-09 21:18:20,789 - 2022-08-18 BUY EXECUTED - Price: 171.66, Size: 832 shares, Cost: 142818.73, Comm: 142.82
2025-02-09 21:18:20,789 - 2022-08-18 SELL CREATE at 172.05, Size: 832 shares (Trade #282)
2025-02-09 21:18:20,789 - 2022-08-19 SELL EXECUTED - Price: 170.95, Size: 832 shares, Cost: 142818.73, Comm: 142.23
2025-02-09 21:18:20,789 - 2022-08-19 
        TRADE COMPLETED:
        Gross Profit: -591.83
        Net Profit: -876.87
        Commission: 285.05
        
2025-02-09 21:18:20,789 - 2022-08-19 BUY CREATE at 169.45, Size: 842 shares (Trade #283)
2025-02-09 21:18:20,789 - 2022-08-22 BUY EXECUTED - Price: 167.65, Size: 842 shares, Cost: 141157.96, Comm: 141.16
2025-02-09 21:18:20,789 - 2022-08-22 SELL CREATE at 165.55, Size: 842 shares (Trade #283)
2025-02-09 21:18:20,789 - 2022-08-23 SELL EXECUTED - Price: 165.07, Size: 842 shares, Cost: 141157.96, Comm: 138.99
2025-02-09 21:18:20,789 - 2022-08-23 
        TRADE COMPLETED:
        Gross Profit: -2171.17
        Net Profit: -2451.31
        Commission: 280.14
        
2025-02-09 21:18:20,789 - 2022-08-29 BUY CREATE at 159.44, Size: 880 shares (Trade #284)
2025-02-09 21:18:20,790 - 2022-08-30 BUY EXECUTED - Price: 160.18, Size: 880 shares, Cost: 140955.82, Comm: 140.96
2025-02-09 21:18:20,790 - 2022-08-30 SELL CREATE at 157.00, Size: 880 shares (Trade #284)
2025-02-09 21:18:20,790 - 2022-08-31 SELL EXECUTED - Price: 158.38, Size: 880 shares, Cost: 140955.82, Comm: 139.37
2025-02-09 21:18:20,790 - 2022-08-31 
        TRADE COMPLETED:
        Gross Profit: -1582.29
        Net Profit: -1862.62
        Commission: 280.33
        
2025-02-09 21:18:20,790 - 2022-08-31 BUY CREATE at 155.33, Size: 892 shares (Trade #285)
2025-02-09 21:18:20,790 - 2022-09-01 BUY EXECUTED - Price: 154.75, Size: 892 shares, Cost: 138039.85, Comm: 138.04
2025-02-09 21:18:20,790 - 2022-09-01 SELL CREATE at 156.06, Size: 892 shares (Trade #285)
2025-02-09 21:18:20,790 - 2022-09-02 SELL EXECUTED - Price: 157.83, Size: 892 shares, Cost: 138039.85, Comm: 140.78
2025-02-09 21:18:20,790 - 2022-09-02 
        TRADE COMPLETED:
        Gross Profit: 2740.73
        Net Profit: 2461.91
        Commission: 278.82
        
2025-02-09 21:18:20,790 - 2022-09-02 BUY CREATE at 153.93, Size: 915 shares (Trade #286)
2025-02-09 21:18:20,790 - 2022-09-06 BUY EXECUTED - Price: 154.59, Size: 915 shares, Cost: 141445.51, Comm: 141.45
2025-02-09 21:18:20,790 - 2022-09-06 SELL CREATE at 152.67, Size: 915 shares (Trade #286)
2025-02-09 21:18:20,790 - 2022-09-07 SELL EXECUTED - Price: 152.96, Size: 915 shares, Cost: 141445.51, Comm: 139.95
2025-02-09 21:18:20,790 - 2022-09-07 
        TRADE COMPLETED:
        Gross Profit: -1491.55
        Net Profit: -1772.95
        Commission: 281.40
        
2025-02-09 21:18:20,790 - 2022-09-07 BUY CREATE at 154.08, Size: 903 shares (Trade #287)
2025-02-09 21:18:20,791 - 2022-09-08 BUY EXECUTED - Price: 152.78, Size: 903 shares, Cost: 137957.91, Comm: 137.96
2025-02-09 21:18:20,791 - 2022-09-08 SELL CREATE at 152.60, Size: 903 shares (Trade #287)
2025-02-09 21:18:20,791 - 2022-09-09 SELL EXECUTED - Price: 153.60, Size: 903 shares, Cost: 137957.91, Comm: 138.70
2025-02-09 21:18:20,791 - 2022-09-09 
        TRADE COMPLETED:
        Gross Profit: 740.45
        Net Profit: 463.80
        Commission: 276.66
        
2025-02-09 21:18:20,791 - 2022-09-09 BUY CREATE at 155.47, Size: 898 shares (Trade #288)
2025-02-09 21:18:20,791 - 2022-09-12 BUY EXECUTED - Price: 157.67, Size: 898 shares, Cost: 141585.58, Comm: 141.59
2025-02-09 21:18:20,791 - 2022-09-12 SELL CREATE at 161.46, Size: 898 shares (Trade #288)
2025-02-09 21:18:20,791 - 2022-09-13 SELL EXECUTED - Price: 157.97, Size: 898 shares, Cost: 141585.58, Comm: 141.86
2025-02-09 21:18:20,791 - 2022-09-13 
        TRADE COMPLETED:
        Gross Profit: 275.03
        Net Profit: -8.41
        Commission: 283.45
        
2025-02-09 21:18:20,791 - 2022-09-13 BUY CREATE at 151.99, Size: 919 shares (Trade #289)
2025-02-09 21:18:20,791 - 2022-09-14 BUY EXECUTED - Price: 152.93, Size: 919 shares, Cost: 140538.51, Comm: 140.54
2025-02-09 21:18:20,791 - 2022-09-14 SELL CREATE at 153.44, Size: 919 shares (Trade #289)
2025-02-09 21:18:20,791 - 2022-09-15 SELL EXECUTED - Price: 152.79, Size: 919 shares, Cost: 140538.51, Comm: 140.41
2025-02-09 21:18:20,791 - 2022-09-15 
        TRADE COMPLETED:
        Gross Profit: -127.09
        Net Profit: -408.04
        Commission: 280.95
        
2025-02-09 21:18:20,791 - 2022-09-15 BUY CREATE at 150.53, Size: 925 shares (Trade #290)
2025-02-09 21:18:20,791 - 2022-09-16 BUY EXECUTED - Price: 149.39, Size: 925 shares, Cost: 138184.48, Comm: 138.18
2025-02-09 21:18:20,791 - 2022-09-16 SELL CREATE at 148.88, Size: 925 shares (Trade #290)
2025-02-09 21:18:20,792 - 2022-09-19 SELL EXECUTED - Price: 147.51, Size: 925 shares, Cost: 138184.48, Comm: 136.45
2025-02-09 21:18:20,792 - 2022-09-19 
        TRADE COMPLETED:
        Gross Profit: -1736.35
        Net Profit: -2010.99
        Commission: 274.63
        
2025-02-09 21:18:20,792 - 2022-09-19 BUY CREATE at 152.62, Size: 900 shares (Trade #291)
2025-02-09 21:18:20,792 - 2022-09-20 BUY EXECUTED - Price: 151.55, Size: 900 shares, Cost: 136397.01, Comm: 136.40
2025-02-09 21:18:20,792 - 2022-09-20 SELL CREATE at 155.01, Size: 900 shares (Trade #291)
2025-02-09 21:18:20,792 - 2022-09-21 SELL EXECUTED - Price: 155.44, Size: 900 shares, Cost: 136397.01, Comm: 139.90
2025-02-09 21:18:20,792 - 2022-09-21 
        TRADE COMPLETED:
        Gross Profit: 3503.31
        Net Profit: 3227.02
        Commission: 276.30
        
2025-02-09 21:18:20,793 - 2022-09-21 BUY CREATE at 151.87, Size: 924 shares (Trade #292)
2025-02-09 21:18:20,793 - 2022-09-22 BUY EXECUTED - Price: 150.54, Size: 924 shares, Cost: 139103.14, Comm: 139.10
2025-02-09 21:18:20,793 - 2022-09-22 SELL CREATE at 150.90, Size: 924 shares (Trade #292)
2025-02-09 21:18:20,793 - 2022-09-23 SELL EXECUTED - Price: 149.37, Size: 924 shares, Cost: 139103.14, Comm: 138.02
2025-02-09 21:18:20,793 - 2022-09-23 
        TRADE COMPLETED:
        Gross Profit: -1086.31
        Net Profit: -1363.43
        Commission: 277.12
        
2025-02-09 21:18:20,793 - 2022-09-23 BUY CREATE at 148.62, Size: 936 shares (Trade #293)
2025-02-09 21:18:20,793 - 2022-09-26 BUY EXECUTED - Price: 147.86, Size: 936 shares, Cost: 138394.41, Comm: 138.39
2025-02-09 21:18:20,793 - 2022-09-26 SELL CREATE at 148.95, Size: 936 shares (Trade #293)
2025-02-09 21:18:20,793 - 2022-09-27 SELL EXECUTED - Price: 150.90, Size: 936 shares, Cost: 138394.41, Comm: 141.24
2025-02-09 21:18:20,793 - 2022-09-27 
        TRADE COMPLETED:
        Gross Profit: 2848.18
        Net Profit: 2568.54
        Commission: 279.64
        
2025-02-09 21:18:20,793 - 2022-09-27 BUY CREATE at 149.93, Size: 944 shares (Trade #294)
2025-02-09 21:18:20,794 - 2022-09-28 BUY EXECUTED - Price: 145.86, Size: 944 shares, Cost: 137693.38, Comm: 137.69
2025-02-09 21:18:20,794 - 2022-09-28 SELL CREATE at 148.04, Size: 944 shares (Trade #294)
2025-02-09 21:18:20,794 - 2022-09-29 SELL EXECUTED - Price: 144.34, Size: 944 shares, Cost: 137693.38, Comm: 136.26
2025-02-09 21:18:20,794 - 2022-09-29 
        TRADE COMPLETED:
        Gross Profit: -1436.26
        Net Profit: -1710.21
        Commission: 273.95
        
2025-02-09 21:18:20,794 - 2022-09-29 BUY CREATE at 140.76, Size: 994 shares (Trade #295)
2025-02-09 21:18:20,794 - 2022-09-30 BUY EXECUTED - Price: 139.58, Size: 994 shares, Cost: 138740.77, Comm: 138.74
2025-02-09 21:18:20,794 - 2022-09-30 SELL CREATE at 136.54, Size: 994 shares (Trade #295)
2025-02-09 21:18:20,794 - 2022-10-03 SELL EXECUTED - Price: 136.55, Size: 994 shares, Cost: 138740.77, Comm: 135.73
2025-02-09 21:18:20,794 - 2022-10-03 
        TRADE COMPLETED:
        Gross Profit: -3014.83
        Net Profit: -3289.30
        Commission: 274.47
        
2025-02-09 21:18:20,794 - 2022-10-03 BUY CREATE at 140.73, Size: 972 shares (Trade #296)
2025-02-09 21:18:20,794 - 2022-10-04 BUY EXECUTED - Price: 143.28, Size: 972 shares, Cost: 139271.12, Comm: 139.27
2025-02-09 21:18:20,794 - 2022-10-04 SELL CREATE at 144.34, Size: 972 shares (Trade #296)
2025-02-09 21:18:20,794 - 2022-10-05 SELL EXECUTED - Price: 142.33, Size: 972 shares, Cost: 139271.12, Comm: 138.35
2025-02-09 21:18:20,794 - 2022-10-05 
        TRADE COMPLETED:
        Gross Profit: -921.86
        Net Profit: -1199.48
        Commission: 277.62
        
2025-02-09 21:18:20,794 - 2022-10-05 BUY CREATE at 144.64, Size: 938 shares (Trade #297)
2025-02-09 21:18:20,795 - 2022-10-06 BUY EXECUTED - Price: 144.05, Size: 938 shares, Cost: 135122.32, Comm: 135.12
2025-02-09 21:18:20,795 - 2022-10-06 SELL CREATE at 143.68, Size: 938 shares (Trade #297)
2025-02-09 21:18:20,795 - 2022-10-07 SELL EXECUTED - Price: 140.82, Size: 938 shares, Cost: 135122.32, Comm: 132.09
2025-02-09 21:18:20,795 - 2022-10-07 
        TRADE COMPLETED:
        Gross Profit: -3030.29
        Net Profit: -3297.51
        Commission: 267.21
        
2025-02-09 21:18:20,795 - 2022-10-07 BUY CREATE at 138.40, Size: 957 shares (Trade #298)
2025-02-09 21:18:20,795 - 2022-10-10 BUY EXECUTED - Price: 138.73, Size: 957 shares, Cost: 132763.25, Comm: 132.76
2025-02-09 21:18:20,795 - 2022-10-10 SELL CREATE at 138.73, Size: 957 shares (Trade #298)
2025-02-09 21:18:20,795 - 2022-10-11 SELL EXECUTED - Price: 138.21, Size: 957 shares, Cost: 132763.25, Comm: 132.27
2025-02-09 21:18:20,795 - 2022-10-11 
        TRADE COMPLETED:
        Gross Profit: -491.62
        Net Profit: -756.65
        Commission: 265.03
        
2025-02-09 21:18:20,795 - 2022-10-11 BUY CREATE at 137.31, Size: 960 shares (Trade #299)
2025-02-09 21:18:20,795 - 2022-10-12 BUY EXECUTED - Price: 137.45, Size: 960 shares, Cost: 131955.97, Comm: 131.96
2025-02-09 21:18:20,795 - 2022-10-12 SELL CREATE at 136.67, Size: 960 shares (Trade #299)
2025-02-09 21:18:20,795 - 2022-10-13 SELL EXECUTED - Price: 133.36, Size: 960 shares, Cost: 131955.97, Comm: 128.03
2025-02-09 21:18:20,795 - 2022-10-13 
        TRADE COMPLETED:
        Gross Profit: -3926.53
        Net Profit: -4186.52
        Commission: 259.99
        
2025-02-09 21:18:20,795 - 2022-10-13 BUY CREATE at 141.27, Size: 905 shares (Trade #300)
2025-02-09 21:18:20,795 - 2022-10-14 BUY EXECUTED - Price: 142.57, Size: 905 shares, Cost: 129027.40, Comm: 129.03
2025-02-09 21:18:20,795 - 2022-10-14 SELL CREATE at 136.71, Size: 905 shares (Trade #300)
2025-02-09 21:18:20,796 - 2022-10-17 SELL EXECUTED - Price: 139.37, Size: 905 shares, Cost: 129027.40, Comm: 126.13
2025-02-09 21:18:20,796 - 2022-10-17 
        TRADE COMPLETED:
        Gross Profit: -2896.87
        Net Profit: -3152.02
        Commission: 255.16
        
2025-02-09 21:18:20,796 - 2022-10-17 BUY CREATE at 140.69, Size: 887 shares (Trade #301)
2025-02-09 21:18:20,796 - 2022-10-18 BUY EXECUTED - Price: 143.74, Size: 887 shares, Cost: 127495.18, Comm: 127.50
2025-02-09 21:18:20,796 - 2022-10-24 SELL CREATE at 147.65, Size: 887 shares (Trade #301)
2025-02-09 21:18:20,796 - 2022-10-25 SELL EXECUTED - Price: 148.28, Size: 887 shares, Cost: 127495.18, Comm: 131.53
2025-02-09 21:18:20,796 - 2022-10-25 
        TRADE COMPLETED:
        Gross Profit: 4031.06
        Net Profit: 3772.04
        Commission: 259.02
        
2025-02-09 21:18:20,796 - 2022-10-25 BUY CREATE at 150.51, Size: 853 shares (Trade #302)
2025-02-09 21:18:20,796 - 2022-10-26 BUY EXECUTED - Price: 149.14, Size: 853 shares, Cost: 127217.83, Comm: 127.22
2025-02-09 21:18:20,796 - 2022-10-27 SELL CREATE at 143.06, Size: 853 shares (Trade #302)
2025-02-09 21:18:20,796 - 2022-10-28 SELL EXECUTED - Price: 146.41, Size: 853 shares, Cost: 127217.83, Comm: 124.89
2025-02-09 21:18:20,796 - 2022-10-28 
        TRADE COMPLETED:
        Gross Profit: -2325.93
        Net Profit: -2578.04
        Commission: 252.11
        
2025-02-09 21:18:20,796 - 2022-10-28 BUY CREATE at 153.86, Size: 819 shares (Trade #303)
2025-02-09 21:18:20,796 - 2022-10-31 BUY EXECUTED - Price: 151.32, Size: 819 shares, Cost: 123927.10, Comm: 123.93
2025-02-09 21:18:20,797 - 2022-10-31 SELL CREATE at 151.49, Size: 819 shares (Trade #303)
2025-02-09 21:18:20,797 - 2022-11-01 SELL EXECUTED - Price: 153.21, Size: 819 shares, Cost: 123927.10, Comm: 125.48
2025-02-09 21:18:20,797 - 2022-11-01 
        TRADE COMPLETED:
        Gross Profit: 1553.53
        Net Profit: 1304.12
        Commission: 249.41
        
2025-02-09 21:18:20,797 - 2022-11-01 BUY CREATE at 148.84, Size: 855 shares (Trade #304)
2025-02-09 21:18:20,797 - 2022-11-02 BUY EXECUTED - Price: 147.16, Size: 855 shares, Cost: 125818.24, Comm: 125.82
2025-02-09 21:18:20,797 - 2022-11-02 SELL CREATE at 143.28, Size: 855 shares (Trade #304)
2025-02-09 21:18:20,797 - 2022-11-03 SELL EXECUTED - Price: 140.35, Size: 855 shares, Cost: 125818.24, Comm: 120.00
2025-02-09 21:18:20,797 - 2022-11-03 
        TRADE COMPLETED:
        Gross Profit: -5819.99
        Net Profit: -6065.81
        Commission: 245.82
        
2025-02-09 21:18:20,797 - 2022-11-03 BUY CREATE at 137.21, Size: 885 shares (Trade #305)
2025-02-09 21:18:20,797 - 2022-11-04 BUY EXECUTED - Price: 140.61, Size: 885 shares, Cost: 124441.02, Comm: 124.44
2025-02-09 21:18:20,797 - 2022-11-04 SELL CREATE at 136.94, Size: 885 shares (Trade #305)
2025-02-09 21:18:20,797 - 2022-11-07 SELL EXECUTED - Price: 135.68, Size: 885 shares, Cost: 124441.02, Comm: 120.08
2025-02-09 21:18:20,797 - 2022-11-07 
        TRADE COMPLETED:
        Gross Profit: -4361.41
        Net Profit: -4605.93
        Commission: 244.52
        
2025-02-09 21:18:20,797 - 2022-11-07 BUY CREATE at 137.47, Size: 851 shares (Trade #306)
2025-02-09 21:18:20,797 - 2022-11-08 BUY EXECUTED - Price: 138.95, Size: 851 shares, Cost: 118245.45, Comm: 118.25
2025-02-09 21:18:20,797 - 2022-11-08 SELL CREATE at 138.05, Size: 851 shares (Trade #306)
2025-02-09 21:18:20,797 - 2022-11-09 SELL EXECUTED - Price: 137.06, Size: 851 shares, Cost: 118245.45, Comm: 116.64
2025-02-09 21:18:20,798 - 2022-11-09 
        TRADE COMPLETED:
        Gross Profit: -1608.49
        Net Profit: -1843.38
        Commission: 234.88
        
2025-02-09 21:18:20,798 - 2022-11-09 BUY CREATE at 133.47, Size: 864 shares (Trade #307)
2025-02-09 21:18:20,798 - 2022-11-10 BUY EXECUTED - Price: 139.77, Size: 864 shares, Cost: 120761.42, Comm: 120.76
2025-02-09 21:18:20,798 - 2022-11-10 SELL CREATE at 145.34, Size: 864 shares (Trade #307)
2025-02-09 21:18:20,798 - 2022-11-11 SELL EXECUTED - Price: 144.30, Size: 864 shares, Cost: 120761.42, Comm: 124.68
2025-02-09 21:18:20,798 - 2022-11-11 
        TRADE COMPLETED:
        Gross Profit: 3915.96
        Net Profit: 3670.52
        Commission: 245.44
        
2025-02-09 21:18:20,798 - 2022-11-11 BUY CREATE at 148.14, Size: 802 shares (Trade #308)
2025-02-09 21:18:20,798 - 2022-11-14 BUY EXECUTED - Price: 147.42, Size: 802 shares, Cost: 118230.62, Comm: 118.23
2025-02-09 21:18:20,798 - 2022-11-21 SELL CREATE at 146.47, Size: 802 shares (Trade #308)
2025-02-09 21:18:20,798 - 2022-11-22 SELL EXECUTED - Price: 146.59, Size: 802 shares, Cost: 118230.62, Comm: 117.56
2025-02-09 21:18:20,798 - 2022-11-22 
        TRADE COMPLETED:
        Gross Profit: -666.66
        Net Profit: -902.45
        Commission: 235.79
        
2025-02-09 21:18:20,798 - 2022-11-22 BUY CREATE at 148.62, Size: 793 shares (Trade #309)
2025-02-09 21:18:20,798 - 2022-11-23 BUY EXECUTED - Price: 147.89, Size: 793 shares, Cost: 117280.53, Comm: 117.28
2025-02-09 21:18:20,799 - 2022-11-28 SELL CREATE at 142.72, Size: 793 shares (Trade #309)
2025-02-09 21:18:20,799 - 2022-11-29 SELL EXECUTED - Price: 142.79, Size: 793 shares, Cost: 117280.53, Comm: 113.23
2025-02-09 21:18:20,799 - 2022-11-29 
        TRADE COMPLETED:
        Gross Profit: -4049.30
        Net Profit: -4279.81
        Commission: 230.51
        
2025-02-09 21:18:20,799 - 2022-11-29 BUY CREATE at 139.70, Size: 815 shares (Trade #310)
2025-02-09 21:18:20,799 - 2022-11-30 BUY EXECUTED - Price: 139.93, Size: 815 shares, Cost: 114041.75, Comm: 114.04
2025-02-09 21:18:20,799 - 2022-11-30 SELL CREATE at 146.49, Size: 815 shares (Trade #310)
2025-02-09 21:18:20,799 - 2022-12-01 SELL EXECUTED - Price: 146.67, Size: 815 shares, Cost: 114041.75, Comm: 119.53
2025-02-09 21:18:20,799 - 2022-12-01 
        TRADE COMPLETED:
        Gross Profit: 5492.40
        Net Profit: 5258.83
        Commission: 233.58
        
2025-02-09 21:18:20,799 - 2022-12-06 BUY CREATE at 141.42, Size: 840 shares (Trade #311)
2025-02-09 21:18:20,799 - 2022-12-07 BUY EXECUTED - Price: 140.71, Size: 840 shares, Cost: 118196.68, Comm: 118.20
2025-02-09 21:18:20,799 - 2022-12-07 SELL CREATE at 139.47, Size: 840 shares (Trade #311)
2025-02-09 21:18:20,799 - 2022-12-08 SELL EXECUTED - Price: 140.88, Size: 840 shares, Cost: 118196.68, Comm: 118.34
2025-02-09 21:18:20,799 - 2022-12-08 
        TRADE COMPLETED:
        Gross Profit: 141.28
        Net Profit: -95.26
        Commission: 236.53
        
2025-02-09 21:18:20,799 - 2022-12-09 BUY CREATE at 140.68, Size: 844 shares (Trade #312)
2025-02-09 21:18:20,800 - 2022-12-12 BUY EXECUTED - Price: 141.21, Size: 844 shares, Cost: 119185.45, Comm: 119.19
2025-02-09 21:18:20,800 - 2022-12-12 SELL CREATE at 142.99, Size: 844 shares (Trade #312)
2025-02-09 21:18:20,800 - 2022-12-13 SELL EXECUTED - Price: 147.94, Size: 844 shares, Cost: 119185.45, Comm: 124.86
2025-02-09 21:18:20,800 - 2022-12-13 
        TRADE COMPLETED:
        Gross Profit: 5679.50
        Net Profit: 5435.45
        Commission: 244.05
        
2025-02-09 21:18:20,800 - 2022-12-15 BUY CREATE at 135.08, Size: 917 shares (Trade #313)
2025-02-09 21:18:20,800 - 2022-12-16 BUY EXECUTED - Price: 135.27, Size: 917 shares, Cost: 124040.33, Comm: 124.04
2025-02-09 21:18:20,800 - 2022-12-16 SELL CREATE at 133.11, Size: 917 shares (Trade #313)
2025-02-09 21:18:20,800 - 2022-12-19 SELL EXECUTED - Price: 133.70, Size: 917 shares, Cost: 124040.33, Comm: 122.61
2025-02-09 21:18:20,800 - 2022-12-19 
        TRADE COMPLETED:
        Gross Profit: -1433.79
        Net Profit: -1680.44
        Commission: 246.65
        
2025-02-09 21:18:20,800 - 2022-12-19 BUY CREATE at 130.99, Size: 934 shares (Trade #314)
2025-02-09 21:18:20,800 - 2022-12-20 BUY EXECUTED - Price: 130.02, Size: 934 shares, Cost: 121441.20, Comm: 121.44
2025-02-09 21:18:20,800 - 2022-12-20 SELL CREATE at 130.92, Size: 934 shares (Trade #314)
2025-02-09 21:18:20,800 - 2022-12-21 SELL EXECUTED - Price: 131.60, Size: 934 shares, Cost: 121441.20, Comm: 122.91
2025-02-09 21:18:20,800 - 2022-12-21 
        TRADE COMPLETED:
        Gross Profit: 1469.58
        Net Profit: 1225.23
        Commission: 244.35
        
2025-02-09 21:18:20,800 - 2022-12-21 BUY CREATE at 134.04, Size: 921 shares (Trade #315)
2025-02-09 21:18:20,800 - 2022-12-22 BUY EXECUTED - Price: 132.95, Size: 921 shares, Cost: 122448.69, Comm: 122.45
2025-02-09 21:18:20,801 - 2022-12-22 SELL CREATE at 130.85, Size: 921 shares (Trade #315)
2025-02-09 21:18:20,801 - 2022-12-23 SELL EXECUTED - Price: 129.56, Size: 921 shares, Cost: 122448.69, Comm: 119.32
2025-02-09 21:18:20,801 - 2022-12-23 
        TRADE COMPLETED:
        Gross Profit: -3126.17
        Net Profit: -3367.94
        Commission: 241.77
        
2025-02-09 21:18:20,801 - 2022-12-23 BUY CREATE at 130.49, Size: 922 shares (Trade #316)
2025-02-09 21:18:20,801 - 2022-12-27 BUY EXECUTED - Price: 130.01, Size: 922 shares, Cost: 119871.79, Comm: 119.87
2025-02-09 21:18:20,801 - 2022-12-27 SELL CREATE at 128.68, Size: 922 shares (Trade #316)
2025-02-09 21:18:20,801 - 2022-12-28 SELL EXECUTED - Price: 128.32, Size: 922 shares, Cost: 119871.79, Comm: 118.31
2025-02-09 21:18:20,801 - 2022-12-28 
        TRADE COMPLETED:
        Gross Profit: -1560.21
        Net Profit: -1798.40
        Commission: 238.18
        
2025-02-09 21:18:20,801 - 2022-12-28 BUY CREATE at 124.73, Size: 951 shares (Trade #317)
2025-02-09 21:18:20,801 - 2022-12-29 BUY EXECUTED - Price: 126.66, Size: 951 shares, Cost: 120451.84, Comm: 120.45
2025-02-09 21:18:20,801 - 2022-12-29 SELL CREATE at 128.26, Size: 951 shares (Trade #317)
2025-02-09 21:18:20,801 - 2022-12-30 SELL EXECUTED - Price: 127.07, Size: 951 shares, Cost: 120451.84, Comm: 120.85
2025-02-09 21:18:20,801 - 2022-12-30 
        TRADE COMPLETED:
        Gross Profit: 395.26
        Net Profit: 153.96
        Commission: 241.30
        
2025-02-09 21:18:20,801 - 2022-12-30 BUY CREATE at 128.58, Size: 923 shares (Trade #318)
2025-02-09 21:18:20,801 - 2022-12-30 
        === Strategy Summary ===
        Starting Value: $100,000.00
        Final Value: $125,057.82
        Total Return: 25.06%
        Total Completed Trades: 316
        
2025-02-09 21:18:20,801 - 2022-12-30 
Detailed Trade History:
2025-02-09 21:18:20,801 - 2022-12-30 Action: BUY, Price: $44.06, Date: 2019-03-14
2025-02-09 21:18:20,801 - 2022-12-30 Action: SELL, Price: $44.63, Date: 2019-03-15
2025-02-09 21:18:20,801 - 2022-12-30 Action: BUY, Price: $45.09, Date: 2019-03-18
2025-02-09 21:18:20,801 - 2022-12-30 Action: SELL, Price: $44.73, Date: 2019-03-19
2025-02-09 21:18:20,801 - 2022-12-30 Action: BUY, Price: $45.12, Date: 2019-03-20
2025-02-09 21:18:20,801 - 2022-12-30 Action: SELL, Price: $46.78, Date: 2019-03-21
2025-02-09 21:18:20,801 - 2022-12-30 Action: BUY, Price: $45.82, Date: 2019-03-22
2025-02-09 21:18:20,801 - 2022-12-30 Action: SELL, Price: $45.26, Date: 2019-03-25
2025-02-09 21:18:20,801 - 2022-12-30 Action: BUY, Price: $44.79, Date: 2019-03-26
2025-02-09 21:18:20,801 - 2022-12-30 Action: SELL, Price: $45.20, Date: 2019-03-27
2025-02-09 21:18:20,802 - 2022-12-30 Action: BUY, Price: $46.85, Date: 2019-04-03
2025-02-09 21:18:20,802 - 2022-12-30 Action: SELL, Price: $46.93, Date: 2019-04-04
2025-02-09 21:18:20,802 - 2022-12-30 Action: BUY, Price: $47.24, Date: 2019-04-05
2025-02-09 21:18:20,802 - 2022-12-30 Action: SELL, Price: $47.99, Date: 2019-04-08
2025-02-09 21:18:20,802 - 2022-12-30 Action: BUY, Price: $47.84, Date: 2019-04-09
2025-02-09 21:18:20,802 - 2022-12-30 Action: SELL, Price: $48.11, Date: 2019-04-10
2025-02-09 21:18:20,802 - 2022-12-30 Action: BUY, Price: $47.71, Date: 2019-04-11
2025-02-09 21:18:20,802 - 2022-12-30 Action: SELL, Price: $47.69, Date: 2019-04-12
2025-02-09 21:18:20,802 - 2022-12-30 Action: BUY, Price: $49.76, Date: 2019-04-23
2025-02-09 21:18:20,802 - 2022-12-30 Action: SELL, Price: $49.68, Date: 2019-04-24
2025-02-09 21:18:20,802 - 2022-12-30 Action: BUY, Price: $49.23, Date: 2019-04-25
2025-02-09 21:18:20,802 - 2022-12-30 Action: SELL, Price: $48.99, Date: 2019-04-26
2025-02-09 21:18:20,802 - 2022-12-30 Action: BUY, Price: $47.47, Date: 2019-05-10
2025-02-09 21:18:20,802 - 2022-12-30 Action: SELL, Price: $44.71, Date: 2019-05-13
2025-02-09 21:18:20,802 - 2022-12-30 Action: BUY, Price: $45.42, Date: 2019-05-14
2025-02-09 21:18:20,802 - 2022-12-30 Action: SELL, Price: $45.96, Date: 2019-05-15
2025-02-09 21:18:20,802 - 2022-12-30 Action: BUY, Price: $45.76, Date: 2019-05-16
2025-02-09 21:18:20,802 - 2022-12-30 Action: SELL, Price: $45.50, Date: 2019-05-17
2025-02-09 21:18:20,802 - 2022-12-30 Action: BUY, Price: $44.08, Date: 2019-05-20
2025-02-09 21:18:20,802 - 2022-12-30 Action: SELL, Price: $44.92, Date: 2019-05-21
2025-02-09 21:18:20,802 - 2022-12-30 Action: BUY, Price: $44.00, Date: 2019-05-22
2025-02-09 21:18:20,802 - 2022-12-30 Action: SELL, Price: $43.25, Date: 2019-05-23
2025-02-09 21:18:20,802 - 2022-12-30 Action: BUY, Price: $43.08, Date: 2019-05-24
2025-02-09 21:18:20,802 - 2022-12-30 Action: SELL, Price: $42.91, Date: 2019-05-28
2025-02-09 21:18:20,802 - 2022-12-30 Action: BUY, Price: $42.70, Date: 2019-05-29
2025-02-09 21:18:20,802 - 2022-12-30 Action: SELL, Price: $42.92, Date: 2019-05-30
2025-02-09 21:18:20,802 - 2022-12-30 Action: BUY, Price: $42.14, Date: 2019-05-31
2025-02-09 21:18:20,802 - 2022-12-30 Action: SELL, Price: $41.72, Date: 2019-06-03
2025-02-09 21:18:20,802 - 2022-12-30 Action: BUY, Price: $43.24, Date: 2019-06-04
2025-02-09 21:18:20,802 - 2022-12-30 Action: SELL, Price: $43.94, Date: 2019-06-05
2025-02-09 21:18:20,802 - 2022-12-30 Action: BUY, Price: $44.59, Date: 2019-06-06
2025-02-09 21:18:20,802 - 2022-12-30 Action: SELL, Price: $46.36, Date: 2019-06-10
2025-02-09 21:18:20,802 - 2022-12-30 Action: BUY, Price: $46.90, Date: 2019-06-11
2025-02-09 21:18:20,802 - 2022-12-30 Action: SELL, Price: $46.75, Date: 2019-06-12
2025-02-09 21:18:20,802 - 2022-12-30 Action: BUY, Price: $46.74, Date: 2019-06-13
2025-02-09 21:18:20,802 - 2022-12-30 Action: SELL, Price: $47.77, Date: 2019-06-18
2025-02-09 21:18:20,802 - 2022-12-30 Action: BUY, Price: $47.63, Date: 2019-06-19
2025-02-09 21:18:20,802 - 2022-12-30 Action: SELL, Price: $48.02, Date: 2019-06-20
2025-02-09 21:18:20,802 - 2022-12-30 Action: BUY, Price: $47.85, Date: 2019-06-21
2025-02-09 21:18:20,802 - 2022-12-30 Action: SELL, Price: $47.80, Date: 2019-06-24
2025-02-09 21:18:20,802 - 2022-12-30 Action: BUY, Price: $47.08, Date: 2019-06-25
2025-02-09 21:18:20,802 - 2022-12-30 Action: SELL, Price: $48.10, Date: 2019-06-26
2025-02-09 21:18:20,802 - 2022-12-30 Action: BUY, Price: $48.08, Date: 2019-06-27
2025-02-09 21:18:20,802 - 2022-12-30 Action: SELL, Price: $48.52, Date: 2019-07-01
2025-02-09 21:18:20,802 - 2022-12-30 Action: BUY, Price: $48.80, Date: 2019-07-02
2025-02-09 21:18:20,802 - 2022-12-30 Action: SELL, Price: $49.21, Date: 2019-07-03
2025-02-09 21:18:20,802 - 2022-12-30 Action: BUY, Price: $49.16, Date: 2019-07-05
2025-02-09 21:18:20,802 - 2022-12-30 Action: SELL, Price: $48.92, Date: 2019-07-10
2025-02-09 21:18:20,802 - 2022-12-30 Action: BUY, Price: $48.57, Date: 2019-07-11
2025-02-09 21:18:20,802 - 2022-12-30 Action: SELL, Price: $48.94, Date: 2019-07-12
2025-02-09 21:18:20,802 - 2022-12-30 Action: BUY, Price: $49.40, Date: 2019-07-15
2025-02-09 21:18:20,802 - 2022-12-30 Action: SELL, Price: $49.23, Date: 2019-07-16
2025-02-09 21:18:20,802 - 2022-12-30 Action: BUY, Price: $50.27, Date: 2019-07-23
2025-02-09 21:18:20,802 - 2022-12-30 Action: SELL, Price: $50.23, Date: 2019-07-24
2025-02-09 21:18:20,802 - 2022-12-30 Action: BUY, Price: $49.84, Date: 2019-07-25
2025-02-09 21:18:20,802 - 2022-12-30 Action: SELL, Price: $50.01, Date: 2019-07-26
2025-02-09 21:18:20,802 - 2022-12-30 Action: BUY, Price: $50.48, Date: 2019-07-29
2025-02-09 21:18:20,802 - 2022-12-30 Action: SELL, Price: $50.26, Date: 2019-07-30
2025-02-09 21:18:20,802 - 2022-12-30 Action: BUY, Price: $51.29, Date: 2019-07-31
2025-02-09 21:18:20,802 - 2022-12-30 Action: SELL, Price: $50.18, Date: 2019-08-01
2025-02-09 21:18:20,802 - 2022-12-30 Action: BUY, Price: $46.54, Date: 2019-08-05
2025-02-09 21:18:20,802 - 2022-12-30 Action: SELL, Price: $47.42, Date: 2019-08-06
2025-02-09 21:18:20,802 - 2022-12-30 Action: BUY, Price: $50.83, Date: 2019-08-19
2025-02-09 21:18:20,802 - 2022-12-30 Action: SELL, Price: $51.38, Date: 2019-08-21
2025-02-09 21:18:20,802 - 2022-12-30 Action: BUY, Price: $51.34, Date: 2019-08-22
2025-02-09 21:18:20,802 - 2022-12-30 Action: SELL, Price: $48.97, Date: 2019-08-23
2025-02-09 21:18:20,802 - 2022-12-30 Action: BUY, Price: $49.90, Date: 2019-08-26
2025-02-09 21:18:20,802 - 2022-12-30 Action: SELL, Price: $49.33, Date: 2019-08-27
2025-02-09 21:18:20,802 - 2022-12-30 Action: BUY, Price: $51.54, Date: 2019-09-05
2025-02-09 21:18:20,802 - 2022-12-30 Action: SELL, Price: $51.75, Date: 2019-09-09
2025-02-09 21:18:20,802 - 2022-12-30 Action: BUY, Price: $52.36, Date: 2019-09-10
2025-02-09 21:18:20,802 - 2022-12-30 Action: SELL, Price: $54.03, Date: 2019-09-11
2025-02-09 21:18:20,802 - 2022-12-30 Action: BUY, Price: $53.91, Date: 2019-09-12
2025-02-09 21:18:20,802 - 2022-12-30 Action: SELL, Price: $52.86, Date: 2019-09-13
2025-02-09 21:18:20,802 - 2022-12-30 Action: BUY, Price: $53.14, Date: 2019-09-16
2025-02-09 21:18:20,802 - 2022-12-30 Action: SELL, Price: $53.33, Date: 2019-09-17
2025-02-09 21:18:20,802 - 2022-12-30 Action: BUY, Price: $53.83, Date: 2019-09-18
2025-02-09 21:18:20,802 - 2022-12-30 Action: SELL, Price: $53.39, Date: 2019-09-19
2025-02-09 21:18:20,802 - 2022-12-30 Action: BUY, Price: $52.61, Date: 2019-09-20
2025-02-09 21:18:20,802 - 2022-12-30 Action: SELL, Price: $52.60, Date: 2019-09-24
2025-02-09 21:18:20,802 - 2022-12-30 Action: BUY, Price: $54.87, Date: 2019-10-07
2025-02-09 21:18:20,802 - 2022-12-30 Action: SELL, Price: $54.86, Date: 2019-10-09
2025-02-09 21:18:20,802 - 2022-12-30 Action: BUY, Price: $55.60, Date: 2019-10-10
2025-02-09 21:18:20,802 - 2022-12-30 Action: SELL, Price: $57.08, Date: 2019-10-11
2025-02-09 21:18:20,802 - 2022-12-30 Action: BUY, Price: $57.00, Date: 2019-10-14
2025-02-09 21:18:20,802 - 2022-12-30 Action: SELL, Price: $56.86, Date: 2019-10-15
2025-02-09 21:18:20,802 - 2022-12-30 Action: BUY, Price: $56.63, Date: 2019-10-16
2025-02-09 21:18:20,802 - 2022-12-30 Action: SELL, Price: $56.85, Date: 2019-10-17
2025-02-09 21:18:20,802 - 2022-12-30 Action: BUY, Price: $57.13, Date: 2019-10-18
2025-02-09 21:18:20,802 - 2022-12-30 Action: SELL, Price: $58.12, Date: 2019-10-21
2025-02-09 21:18:20,802 - 2022-12-30 Action: BUY, Price: $57.99, Date: 2019-10-22
2025-02-09 21:18:20,802 - 2022-12-30 Action: SELL, Price: $58.76, Date: 2019-10-23
2025-02-09 21:18:20,802 - 2022-12-30 Action: BUY, Price: $58.86, Date: 2019-10-24
2025-02-09 21:18:20,802 - 2022-12-30 Action: SELL, Price: $59.58, Date: 2019-10-25
2025-02-09 21:18:20,802 - 2022-12-30 Action: BUY, Price: $60.18, Date: 2019-10-28
2025-02-09 21:18:20,802 - 2022-12-30 Action: SELL, Price: $58.79, Date: 2019-10-29
2025-02-09 21:18:20,802 - 2022-12-30 Action: BUY, Price: $58.78, Date: 2019-10-30
2025-02-09 21:18:20,802 - 2022-12-30 Action: SELL, Price: $60.11, Date: 2019-10-31
2025-02-09 21:18:20,803 - 2022-12-30 Action: BUY, Price: $61.82, Date: 2019-11-01
2025-02-09 21:18:20,803 - 2022-12-30 Action: SELL, Price: $62.22, Date: 2019-11-04
2025-02-09 21:18:20,803 - 2022-12-30 Action: BUY, Price: $62.13, Date: 2019-11-05
2025-02-09 21:18:20,803 - 2022-12-30 Action: SELL, Price: $62.16, Date: 2019-11-06
2025-02-09 21:18:20,803 - 2022-12-30 Action: BUY, Price: $62.88, Date: 2019-11-07
2025-02-09 21:18:20,803 - 2022-12-30 Action: SELL, Price: $63.05, Date: 2019-11-08
2025-02-09 21:18:20,803 - 2022-12-30 Action: BUY, Price: $63.55, Date: 2019-11-11
2025-02-09 21:18:20,803 - 2022-12-30 Action: SELL, Price: $63.49, Date: 2019-11-12
2025-02-09 21:18:20,803 - 2022-12-30 Action: BUY, Price: $64.10, Date: 2019-11-13
2025-02-09 21:18:20,803 - 2022-12-30 Action: SELL, Price: $63.66, Date: 2019-11-14
2025-02-09 21:18:20,803 - 2022-12-30 Action: BUY, Price: $64.41, Date: 2019-11-15
2025-02-09 21:18:20,803 - 2022-12-30 Action: SELL, Price: $64.74, Date: 2019-11-18
2025-02-09 21:18:20,803 - 2022-12-30 Action: BUY, Price: $64.54, Date: 2019-11-19
2025-02-09 21:18:20,803 - 2022-12-30 Action: SELL, Price: $63.79, Date: 2019-11-20
2025-02-09 21:18:20,803 - 2022-12-30 Action: BUY, Price: $67.83, Date: 2019-12-16
2025-02-09 21:18:20,803 - 2022-12-30 Action: SELL, Price: $67.96, Date: 2019-12-17
2025-02-09 21:18:20,803 - 2022-12-30 Action: BUY, Price: $67.80, Date: 2019-12-18
2025-02-09 21:18:20,803 - 2022-12-30 Action: SELL, Price: $67.87, Date: 2019-12-19
2025-02-09 21:18:20,803 - 2022-12-30 Action: BUY, Price: $67.73, Date: 2019-12-20
2025-02-09 21:18:20,803 - 2022-12-30 Action: SELL, Price: $68.83, Date: 2019-12-23
2025-02-09 21:18:20,803 - 2022-12-30 Action: BUY, Price: $68.90, Date: 2019-12-24
2025-02-09 21:18:20,803 - 2022-12-30 Action: SELL, Price: $70.27, Date: 2019-12-26
2025-02-09 21:18:20,803 - 2022-12-30 Action: BUY, Price: $70.24, Date: 2019-12-27
2025-02-09 21:18:20,803 - 2022-12-30 Action: SELL, Price: $70.66, Date: 2019-12-30
2025-02-09 21:18:20,803 - 2022-12-30 Action: BUY, Price: $71.17, Date: 2019-12-31
2025-02-09 21:18:20,803 - 2022-12-30 Action: SELL, Price: $72.80, Date: 2020-01-02
2025-02-09 21:18:20,803 - 2022-12-30 Action: BUY, Price: $72.09, Date: 2020-01-03
2025-02-09 21:18:20,803 - 2022-12-30 Action: SELL, Price: $72.66, Date: 2020-01-06
2025-02-09 21:18:20,803 - 2022-12-30 Action: BUY, Price: $72.32, Date: 2020-01-07
2025-02-09 21:18:20,803 - 2022-12-30 Action: SELL, Price: $73.48, Date: 2020-01-08
2025-02-09 21:18:20,803 - 2022-12-30 Action: BUY, Price: $75.05, Date: 2020-01-09
2025-02-09 21:18:20,803 - 2022-12-30 Action: SELL, Price: $75.21, Date: 2020-01-10
2025-02-09 21:18:20,803 - 2022-12-30 Action: BUY, Price: $76.82, Date: 2020-01-13
2025-02-09 21:18:20,803 - 2022-12-30 Action: SELL, Price: $75.78, Date: 2020-01-14
2025-02-09 21:18:20,803 - 2022-12-30 Action: BUY, Price: $75.46, Date: 2020-01-15
2025-02-09 21:18:20,803 - 2022-12-30 Action: SELL, Price: $76.40, Date: 2020-01-16
2025-02-09 21:18:20,803 - 2022-12-30 Action: BUY, Price: $77.25, Date: 2020-01-17
2025-02-09 21:18:20,803 - 2022-12-30 Action: SELL, Price: $76.73, Date: 2020-01-21
2025-02-09 21:18:20,803 - 2022-12-30 Action: BUY, Price: $77.00, Date: 2020-01-22
2025-02-09 21:18:20,803 - 2022-12-30 Action: SELL, Price: $77.37, Date: 2020-01-23
2025-02-09 21:18:20,803 - 2022-12-30 Action: BUY, Price: $72.44, Date: 2020-02-24
2025-02-09 21:18:20,803 - 2022-12-30 Action: SELL, Price: $69.99, Date: 2020-02-25
2025-02-09 21:18:20,803 - 2022-12-30 Action: BUY, Price: $71.10, Date: 2020-02-26
2025-02-09 21:18:20,803 - 2022-12-30 Action: SELL, Price: $66.45, Date: 2020-02-27
2025-02-09 21:18:20,803 - 2022-12-30 Action: BUY, Price: $66.41, Date: 2020-02-28
2025-02-09 21:18:20,803 - 2022-12-30 Action: SELL, Price: $72.59, Date: 2020-03-02
2025-02-09 21:18:20,803 - 2022-12-30 Action: BUY, Price: $70.29, Date: 2020-03-03
2025-02-09 21:18:20,803 - 2022-12-30 Action: SELL, Price: $73.55, Date: 2020-03-04
2025-02-09 21:18:20,803 - 2022-12-30 Action: BUY, Price: $70.22, Date: 2020-03-06
2025-02-09 21:18:20,803 - 2022-12-30 Action: SELL, Price: $64.66, Date: 2020-03-09
2025-02-09 21:18:20,803 - 2022-12-30 Action: BUY, Price: $69.32, Date: 2020-03-10
2025-02-09 21:18:20,803 - 2022-12-30 Action: SELL, Price: $66.91, Date: 2020-03-11
2025-02-09 21:18:20,803 - 2022-12-30 Action: BUY, Price: $60.31, Date: 2020-03-12
2025-02-09 21:18:20,803 - 2022-12-30 Action: BUY, Price: $58.84, Date: 2020-03-16
2025-02-09 21:18:20,803 - 2022-12-30 Action: SELL, Price: $61.43, Date: 2020-03-17
2025-02-09 21:18:20,803 - 2022-12-30 Action: BUY, Price: $59.93, Date: 2020-03-18
2025-02-09 21:18:20,803 - 2022-12-30 Action: SELL, Price: $59.47, Date: 2020-03-19
2025-02-09 21:18:20,803 - 2022-12-30 Action: BUY, Price: $55.69, Date: 2020-03-20
2025-02-09 21:18:20,803 - 2022-12-30 Action: SELL, Price: $54.51, Date: 2020-03-23
2025-02-09 21:18:20,803 - 2022-12-30 Action: BUY, Price: $59.98, Date: 2020-03-24
2025-02-09 21:18:20,803 - 2022-12-30 Action: SELL, Price: $59.65, Date: 2020-03-25
2025-02-09 21:18:20,803 - 2022-12-30 Action: BUY, Price: $60.19, Date: 2020-03-27
2025-02-09 21:18:20,803 - 2022-12-30 Action: SELL, Price: $58.53, Date: 2020-04-01
2025-02-09 21:18:20,803 - 2022-12-30 Action: BUY, Price: $59.50, Date: 2020-04-02
2025-02-09 21:18:20,803 - 2022-12-30 Action: SELL, Price: $66.38, Date: 2020-04-13
2025-02-09 21:18:20,803 - 2022-12-30 Action: BUY, Price: $69.74, Date: 2020-04-14
2025-02-09 21:18:20,803 - 2022-12-30 Action: SELL, Price: $69.10, Date: 2020-04-15
2025-02-09 21:18:20,803 - 2022-12-30 Action: BUY, Price: $69.65, Date: 2020-04-16
2025-02-09 21:18:20,803 - 2022-12-30 Action: SELL, Price: $67.28, Date: 2020-04-20
2025-02-09 21:18:20,803 - 2022-12-30 Action: BUY, Price: $65.20, Date: 2020-04-21
2025-02-09 21:18:20,803 - 2022-12-30 Action: SELL, Price: $71.38, Date: 2020-04-30
2025-02-09 21:18:20,803 - 2022-12-30 Action: BUY, Price: $70.23, Date: 2020-05-01
2025-02-09 21:18:20,803 - 2022-12-30 Action: SELL, Price: $72.29, Date: 2020-05-05
2025-02-09 21:18:20,803 - 2022-12-30 Action: BUY, Price: $73.04, Date: 2020-05-06
2025-02-09 21:18:20,803 - 2022-12-30 Action: SELL, Price: $73.79, Date: 2020-05-07
2025-02-09 21:18:20,803 - 2022-12-30 Action: BUY, Price: $75.55, Date: 2020-05-08
2025-02-09 21:18:20,803 - 2022-12-30 Action: SELL, Price: $76.74, Date: 2020-05-11
2025-02-09 21:18:20,803 - 2022-12-30 Action: BUY, Price: $75.86, Date: 2020-05-12
2025-02-09 21:18:20,803 - 2022-12-30 Action: SELL, Price: $74.94, Date: 2020-05-13
2025-02-09 21:18:20,803 - 2022-12-30 Action: BUY, Price: $75.41, Date: 2020-05-14
2025-02-09 21:18:20,803 - 2022-12-30 Action: SELL, Price: $74.96, Date: 2020-05-15
2025-02-09 21:18:20,803 - 2022-12-30 Action: BUY, Price: $76.73, Date: 2020-05-18
2025-02-09 21:18:20,803 - 2022-12-30 Action: SELL, Price: $76.28, Date: 2020-05-19
2025-02-09 21:18:20,803 - 2022-12-30 Action: BUY, Price: $77.77, Date: 2020-05-20
2025-02-09 21:18:20,803 - 2022-12-30 Action: SELL, Price: $77.19, Date: 2020-05-21
2025-02-09 21:18:20,803 - 2022-12-30 Action: BUY, Price: $77.68, Date: 2020-05-22
2025-02-09 21:18:20,803 - 2022-12-30 Action: SELL, Price: $77.16, Date: 2020-05-26
2025-02-09 21:18:20,803 - 2022-12-30 Action: BUY, Price: $81.23, Date: 2020-06-08
2025-02-09 21:18:20,803 - 2022-12-30 Action: SELL, Price: $83.80, Date: 2020-06-09
2025-02-09 21:18:20,803 - 2022-12-30 Action: BUY, Price: $85.95, Date: 2020-06-10
2025-02-09 21:18:20,803 - 2022-12-30 Action: SELL, Price: $81.83, Date: 2020-06-11
2025-02-09 21:18:20,803 - 2022-12-30 Action: BUY, Price: $82.53, Date: 2020-06-12
2025-02-09 21:18:20,803 - 2022-12-30 Action: SELL, Price: $83.55, Date: 2020-06-15
2025-02-09 21:18:20,803 - 2022-12-30 Action: BUY, Price: $85.77, Date: 2020-06-16
2025-02-09 21:18:20,803 - 2022-12-30 Action: SELL, Price: $85.65, Date: 2020-06-17
2025-02-09 21:18:20,803 - 2022-12-30 Action: BUY, Price: $85.68, Date: 2020-06-18
2025-02-09 21:18:20,803 - 2022-12-30 Action: SELL, Price: $85.19, Date: 2020-06-19
2025-02-09 21:18:20,804 - 2022-12-30 Action: BUY, Price: $87.42, Date: 2020-06-22
2025-02-09 21:18:20,804 - 2022-12-30 Action: SELL, Price: $89.29, Date: 2020-06-23
2025-02-09 21:18:20,804 - 2022-12-30 Action: BUY, Price: $87.71, Date: 2020-06-24
2025-02-09 21:18:20,804 - 2022-12-30 Action: SELL, Price: $88.88, Date: 2020-06-25
2025-02-09 21:18:20,804 - 2022-12-30 Action: BUY, Price: $86.15, Date: 2020-06-26
2025-02-09 21:18:20,804 - 2022-12-30 Action: SELL, Price: $88.13, Date: 2020-06-29
2025-02-09 21:18:20,804 - 2022-12-30 Action: BUY, Price: $92.90, Date: 2020-07-08
2025-02-09 21:18:20,804 - 2022-12-30 Action: SELL, Price: $93.30, Date: 2020-07-09
2025-02-09 21:18:20,804 - 2022-12-30 Action: BUY, Price: $93.47, Date: 2020-07-10
2025-02-09 21:18:20,804 - 2022-12-30 Action: SELL, Price: $93.03, Date: 2020-07-13
2025-02-09 21:18:20,804 - 2022-12-30 Action: BUY, Price: $94.57, Date: 2020-07-14
2025-02-09 21:18:20,804 - 2022-12-30 Action: SELL, Price: $95.22, Date: 2020-07-15
2025-02-09 21:18:20,804 - 2022-12-30 Action: BUY, Price: $94.05, Date: 2020-07-16
2025-02-09 21:18:20,804 - 2022-12-30 Action: SELL, Price: $93.86, Date: 2020-07-17
2025-02-09 21:18:20,804 - 2022-12-30 Action: BUY, Price: $95.84, Date: 2020-07-20
2025-02-09 21:18:20,804 - 2022-12-30 Action: SELL, Price: $94.52, Date: 2020-07-21
2025-02-09 21:18:20,804 - 2022-12-30 Action: BUY, Price: $103.54, Date: 2020-07-31
2025-02-09 21:18:20,804 - 2022-12-30 Action: SELL, Price: $106.15, Date: 2020-08-03
2025-02-09 21:18:20,804 - 2022-12-30 Action: BUY, Price: $106.86, Date: 2020-08-04
2025-02-09 21:18:20,804 - 2022-12-30 Action: SELL, Price: $107.25, Date: 2020-08-05
2025-02-09 21:18:20,804 - 2022-12-30 Action: BUY, Price: $110.99, Date: 2020-08-06
2025-02-09 21:18:20,804 - 2022-12-30 Action: SELL, Price: $108.46, Date: 2020-08-07
2025-02-09 21:18:20,804 - 2022-12-30 Action: BUY, Price: $110.04, Date: 2020-08-10
2025-02-09 21:18:20,804 - 2022-12-30 Action: SELL, Price: $106.77, Date: 2020-08-11
2025-02-09 21:18:20,804 - 2022-12-30 Action: BUY, Price: $110.32, Date: 2020-08-12
2025-02-09 21:18:20,804 - 2022-12-30 Action: SELL, Price: $112.27, Date: 2020-08-13
2025-02-09 21:18:20,804 - 2022-12-30 Action: BUY, Price: $112.17, Date: 2020-08-14
2025-02-09 21:18:20,804 - 2022-12-30 Action: SELL, Price: $111.88, Date: 2020-08-17
2025-02-09 21:18:20,804 - 2022-12-30 Action: BUY, Price: $112.81, Date: 2020-08-18
2025-02-09 21:18:20,804 - 2022-12-30 Action: SELL, Price: $112.95, Date: 2020-08-19
2025-02-09 21:18:20,804 - 2022-12-30 Action: BUY, Price: $115.46, Date: 2020-08-20
2025-02-09 21:18:20,804 - 2022-12-30 Action: SELL, Price: $121.41, Date: 2020-08-21
2025-02-09 21:18:20,804 - 2022-12-30 Action: BUY, Price: $122.86, Date: 2020-08-24
2025-02-09 21:18:20,804 - 2022-12-30 Action: SELL, Price: $121.85, Date: 2020-08-25
2025-02-09 21:18:20,804 - 2022-12-30 Action: BUY, Price: $123.51, Date: 2020-08-26
2025-02-09 21:18:20,804 - 2022-12-30 Action: SELL, Price: $122.03, Date: 2020-08-27
2025-02-09 21:18:20,804 - 2022-12-30 Action: BUY, Price: $121.83, Date: 2020-08-28
2025-02-09 21:18:20,804 - 2022-12-30 Action: SELL, Price: $125.97, Date: 2020-08-31
2025-02-09 21:18:20,804 - 2022-12-30 Action: BUY, Price: $130.98, Date: 2020-09-01
2025-02-09 21:18:20,804 - 2022-12-30 Action: SELL, Price: $128.27, Date: 2020-09-02
2025-02-09 21:18:20,804 - 2022-12-30 Action: BUY, Price: $110.13, Date: 2020-09-08
2025-02-09 21:18:20,804 - 2022-12-30 Action: SELL, Price: $114.52, Date: 2020-09-09
2025-02-09 21:18:20,804 - 2022-12-30 Action: BUY, Price: $109.33, Date: 2020-09-11
2025-02-09 21:18:20,804 - 2022-12-30 Action: SELL, Price: $112.61, Date: 2020-09-14
2025-02-09 21:18:20,804 - 2022-12-30 Action: BUY, Price: $109.46, Date: 2020-09-16
2025-02-09 21:18:20,804 - 2022-12-30 Action: SELL, Price: $107.71, Date: 2020-09-17
2025-02-09 21:18:20,804 - 2022-12-30 Action: BUY, Price: $104.29, Date: 2020-09-18
2025-02-09 21:18:20,804 - 2022-12-30 Action: SELL, Price: $107.46, Date: 2020-09-21
2025-02-09 21:18:20,804 - 2022-12-30 Action: BUY, Price: $104.57, Date: 2020-09-23
2025-02-09 21:18:20,804 - 2022-12-30 Action: SELL, Price: $105.64, Date: 2020-09-24
2025-02-09 21:18:20,804 - 2022-12-30 Action: BUY, Price: $114.01, Date: 2020-10-01
2025-02-09 21:18:20,804 - 2022-12-30 Action: SELL, Price: $110.46, Date: 2020-10-06
2025-02-09 21:18:20,804 - 2022-12-30 Action: BUY, Price: $112.34, Date: 2020-10-07
2025-02-09 21:18:20,804 - 2022-12-30 Action: SELL, Price: $121.44, Date: 2020-10-12
2025-02-09 21:18:20,804 - 2022-12-30 Action: BUY, Price: $118.21, Date: 2020-10-13
2025-02-09 21:18:20,804 - 2022-12-30 Action: SELL, Price: $118.30, Date: 2020-10-14
2025-02-09 21:18:20,804 - 2022-12-30 Action: BUY, Price: $117.83, Date: 2020-10-15
2025-02-09 21:18:20,804 - 2022-12-30 Action: SELL, Price: $113.22, Date: 2020-10-19
2025-02-09 21:18:20,804 - 2022-12-30 Action: BUY, Price: $114.71, Date: 2020-10-20
2025-02-09 21:18:20,804 - 2022-12-30 Action: SELL, Price: $114.09, Date: 2020-10-21
2025-02-09 21:18:20,804 - 2022-12-30 Action: BUY, Price: $108.55, Date: 2020-10-28
2025-02-09 21:18:20,804 - 2022-12-30 Action: SELL, Price: $112.57, Date: 2020-10-29
2025-02-09 21:18:20,804 - 2022-12-30 Action: BUY, Price: $106.27, Date: 2020-10-30
2025-02-09 21:18:20,804 - 2022-12-30 Action: SELL, Price: $106.18, Date: 2020-11-02
2025-02-09 21:18:20,804 - 2022-12-30 Action: BUY, Price: $107.81, Date: 2020-11-03
2025-02-09 21:18:20,804 - 2022-12-30 Action: SELL, Price: $112.21, Date: 2020-11-04
2025-02-09 21:18:20,804 - 2022-12-30 Action: BUY, Price: $116.06, Date: 2020-11-06
2025-02-09 21:18:20,804 - 2022-12-30 Action: SELL, Price: $113.74, Date: 2020-11-09
2025-02-09 21:18:20,804 - 2022-12-30 Action: BUY, Price: $113.40, Date: 2020-11-10
2025-02-09 21:18:20,804 - 2022-12-30 Action: SELL, Price: $114.74, Date: 2020-11-20
2025-02-09 21:18:20,804 - 2022-12-30 Action: BUY, Price: $111.33, Date: 2020-11-23
2025-02-09 21:18:20,804 - 2022-12-30 Action: SELL, Price: $112.62, Date: 2020-11-24
2025-02-09 21:18:20,804 - 2022-12-30 Action: BUY, Price: $120.00, Date: 2020-12-01
2025-02-09 21:18:20,804 - 2022-12-30 Action: SELL, Price: $120.35, Date: 2020-12-02
2025-02-09 21:18:20,804 - 2022-12-30 Action: BUY, Price: $120.22, Date: 2020-12-03
2025-02-09 21:18:20,804 - 2022-12-30 Action: SELL, Price: $121.01, Date: 2020-12-07
2025-02-09 21:18:20,804 - 2022-12-30 Action: BUY, Price: $121.63, Date: 2020-12-08
2025-02-09 21:18:20,804 - 2022-12-30 Action: SELL, Price: $119.08, Date: 2020-12-09
2025-02-09 21:18:20,804 - 2022-12-30 Action: BUY, Price: $120.51, Date: 2020-12-10
2025-02-09 21:18:20,804 - 2022-12-30 Action: SELL, Price: $125.05, Date: 2020-12-15
2025-02-09 21:18:20,804 - 2022-12-30 Action: BUY, Price: $124.98, Date: 2020-12-16
2025-02-09 21:18:20,804 - 2022-12-30 Action: SELL, Price: $125.85, Date: 2020-12-17
2025-02-09 21:18:20,804 - 2022-12-30 Action: BUY, Price: $123.86, Date: 2020-12-18
2025-02-09 21:18:20,804 - 2022-12-30 Action: SELL, Price: $125.39, Date: 2020-12-21
2025-02-09 21:18:20,805 - 2022-12-30 Action: BUY, Price: $128.96, Date: 2020-12-22
2025-02-09 21:18:20,805 - 2022-12-30 Action: SELL, Price: $128.06, Date: 2020-12-23
2025-02-09 21:18:20,805 - 2022-12-30 Action: BUY, Price: $129.05, Date: 2020-12-24
2025-02-09 21:18:20,805 - 2022-12-30 Action: SELL, Price: $133.66, Date: 2020-12-28
2025-02-09 21:18:20,805 - 2022-12-30 Action: BUY, Price: $131.88, Date: 2020-12-29
2025-02-09 21:18:20,805 - 2022-12-30 Action: SELL, Price: $130.76, Date: 2020-12-30
2025-02-09 21:18:20,805 - 2022-12-30 Action: BUY, Price: $129.75, Date: 2020-12-31
2025-02-09 21:18:20,805 - 2022-12-30 Action: SELL, Price: $126.54, Date: 2021-01-04
2025-02-09 21:18:20,805 - 2022-12-30 Action: BUY, Price: $135.99, Date: 2021-01-22
2025-02-09 21:18:20,805 - 2022-12-30 Action: SELL, Price: $139.76, Date: 2021-01-25
2025-02-09 21:18:20,805 - 2022-12-30 Action: BUY, Price: $139.99, Date: 2021-01-26
2025-02-09 21:18:20,805 - 2022-12-30 Action: SELL, Price: $138.91, Date: 2021-01-27
2025-02-09 21:18:20,805 - 2022-12-30 Action: BUY, Price: $134.05, Date: 2021-01-28
2025-02-09 21:18:20,805 - 2022-12-30 Action: SELL, Price: $129.04, Date: 2021-01-29
2025-02-09 21:18:20,805 - 2022-12-30 Action: BUY, Price: $128.13, Date: 2021-02-17
2025-02-09 21:18:20,805 - 2022-12-30 Action: SELL, Price: $127.03, Date: 2021-02-18
2025-02-09 21:18:20,805 - 2022-12-30 Action: BUY, Price: $127.18, Date: 2021-02-19
2025-02-09 21:18:20,805 - 2022-12-30 Action: SELL, Price: $123.39, Date: 2021-02-22
2025-02-09 21:18:20,805 - 2022-12-30 Action: BUY, Price: $123.26, Date: 2021-02-23
2025-02-09 21:18:20,805 - 2022-12-30 Action: SELL, Price: $122.76, Date: 2021-02-24
2025-02-09 21:18:20,805 - 2022-12-30 Action: BUY, Price: $118.49, Date: 2021-02-25
2025-02-09 21:18:20,805 - 2022-12-30 Action: SELL, Price: $118.75, Date: 2021-02-26
2025-02-09 21:18:20,805 - 2022-12-30 Action: BUY, Price: $122.53, Date: 2021-03-02
2025-02-09 21:18:20,805 - 2022-12-30 Action: SELL, Price: $119.54, Date: 2021-03-03
2025-02-09 21:18:20,805 - 2022-12-30 Action: BUY, Price: $117.65, Date: 2021-03-04
2025-02-09 21:18:20,805 - 2022-12-30 Action: SELL, Price: $118.91, Date: 2021-03-05
2025-02-09 21:18:20,805 - 2022-12-30 Action: BUY, Price: $113.95, Date: 2021-03-08
2025-02-09 21:18:20,805 - 2022-12-30 Action: SELL, Price: $118.59, Date: 2021-03-09
2025-02-09 21:18:20,805 - 2022-12-30 Action: BUY, Price: $117.50, Date: 2021-03-10
2025-02-09 21:18:20,805 - 2022-12-30 Action: SELL, Price: $119.44, Date: 2021-03-11
2025-02-09 21:18:20,805 - 2022-12-30 Action: BUY, Price: $118.53, Date: 2021-03-12
2025-02-09 21:18:20,805 - 2022-12-30 Action: SELL, Price: $118.04, Date: 2021-03-18
2025-02-09 21:18:20,805 - 2022-12-30 Action: BUY, Price: $117.51, Date: 2021-03-19
2025-02-09 21:18:20,805 - 2022-12-30 Action: SELL, Price: $117.61, Date: 2021-03-24
2025-02-09 21:18:20,805 - 2022-12-30 Action: BUY, Price: $118.10, Date: 2021-03-25
2025-02-09 21:18:20,805 - 2022-12-30 Action: SELL, Price: $123.30, Date: 2021-04-05
2025-02-09 21:18:20,805 - 2022-12-30 Action: BUY, Price: $123.60, Date: 2021-04-06
2025-02-09 21:18:20,805 - 2022-12-30 Action: SELL, Price: $125.25, Date: 2021-04-07
2025-02-09 21:18:20,805 - 2022-12-30 Action: BUY, Price: $127.66, Date: 2021-04-08
2025-02-09 21:18:20,805 - 2022-12-30 Action: SELL, Price: $130.25, Date: 2021-04-09
2025-02-09 21:18:20,805 - 2022-12-30 Action: BUY, Price: $128.53, Date: 2021-04-12
2025-02-09 21:18:20,805 - 2022-12-30 Action: SELL, Price: $131.65, Date: 2021-04-13
2025-02-09 21:18:20,805 - 2022-12-30 Action: BUY, Price: $129.30, Date: 2021-04-14
2025-02-09 21:18:20,805 - 2022-12-30 Action: SELL, Price: $131.72, Date: 2021-04-15
2025-02-09 21:18:20,805 - 2022-12-30 Action: BUY, Price: $131.39, Date: 2021-04-16
2025-02-09 21:18:20,805 - 2022-12-30 Action: SELL, Price: $132.05, Date: 2021-04-19
2025-02-09 21:18:20,805 - 2022-12-30 Action: BUY, Price: $130.36, Date: 2021-04-20
2025-02-09 21:18:20,805 - 2022-12-30 Action: SELL, Price: $130.74, Date: 2021-04-21
2025-02-09 21:18:20,805 - 2022-12-30 Action: BUY, Price: $129.21, Date: 2021-04-22
2025-02-09 21:18:20,805 - 2022-12-30 Action: SELL, Price: $131.54, Date: 2021-04-23
2025-02-09 21:18:20,805 - 2022-12-30 Action: BUY, Price: $131.93, Date: 2021-04-26
2025-02-09 21:18:20,805 - 2022-12-30 Action: SELL, Price: $131.61, Date: 2021-04-27
2025-02-09 21:18:20,805 - 2022-12-30 Action: BUY, Price: $130.82, Date: 2021-04-28
2025-02-09 21:18:20,805 - 2022-12-30 Action: SELL, Price: $130.72, Date: 2021-04-29
2025-02-09 21:18:20,805 - 2022-12-30 Action: BUY, Price: $125.21, Date: 2021-05-04
2025-02-09 21:18:20,805 - 2022-12-30 Action: SELL, Price: $125.45, Date: 2021-05-05
2025-02-09 21:18:20,805 - 2022-12-30 Action: BUY, Price: $124.44, Date: 2021-05-10
2025-02-09 21:18:20,805 - 2022-12-30 Action: SELL, Price: $123.52, Date: 2021-05-11
2025-02-09 21:18:20,805 - 2022-12-30 Action: BUY, Price: $120.43, Date: 2021-05-12
2025-02-09 21:18:20,805 - 2022-12-30 Action: SELL, Price: $122.59, Date: 2021-05-13
2025-02-09 21:18:20,805 - 2022-12-30 Action: BUY, Price: $123.87, Date: 2021-05-17
2025-02-09 21:18:20,805 - 2022-12-30 Action: SELL, Price: $122.48, Date: 2021-05-18
2025-02-09 21:18:20,805 - 2022-12-30 Action: BUY, Price: $122.32, Date: 2021-05-19
2025-02-09 21:18:20,805 - 2022-12-30 Action: SELL, Price: $124.89, Date: 2021-05-20
2025-02-09 21:18:20,805 - 2022-12-30 Action: BUY, Price: $123.04, Date: 2021-05-21
2025-02-09 21:18:20,805 - 2022-12-30 Action: SELL, Price: $124.68, Date: 2021-05-24
2025-02-09 21:18:20,805 - 2022-12-30 Action: BUY, Price: $122.90, Date: 2021-05-27
2025-02-09 21:18:20,805 - 2022-12-30 Action: SELL, Price: $122.24, Date: 2021-05-28
2025-02-09 21:18:20,805 - 2022-12-30 Action: BUY, Price: $121.92, Date: 2021-06-01
2025-02-09 21:18:20,805 - 2022-12-30 Action: SELL, Price: $122.68, Date: 2021-06-02
2025-02-09 21:18:20,805 - 2022-12-30 Action: BUY, Price: $121.19, Date: 2021-06-03
2025-02-09 21:18:20,805 - 2022-12-30 Action: SELL, Price: $123.50, Date: 2021-06-04
2025-02-09 21:18:20,805 - 2022-12-30 Action: BUY, Price: $123.51, Date: 2021-06-07
2025-02-09 21:18:20,805 - 2022-12-30 Action: SELL, Price: $128.00, Date: 2021-06-14
2025-02-09 21:18:20,805 - 2022-12-30 Action: BUY, Price: $127.17, Date: 2021-06-15
2025-02-09 21:18:20,805 - 2022-12-30 Action: SELL, Price: $127.67, Date: 2021-06-16
2025-02-09 21:18:20,805 - 2022-12-30 Action: BUY, Price: $129.28, Date: 2021-06-17
2025-02-09 21:18:20,805 - 2022-12-30 Action: SELL, Price: $127.98, Date: 2021-06-18
2025-02-09 21:18:20,805 - 2022-12-30 Action: BUY, Price: $129.78, Date: 2021-06-21
2025-02-09 21:18:20,805 - 2022-12-30 Action: SELL, Price: $131.43, Date: 2021-06-22
2025-02-09 21:18:20,805 - 2022-12-30 Action: BUY, Price: $131.16, Date: 2021-06-23
2025-02-09 21:18:20,805 - 2022-12-30 Action: SELL, Price: $130.87, Date: 2021-06-24
2025-02-09 21:18:20,805 - 2022-12-30 Action: BUY, Price: $130.58, Date: 2021-06-25
2025-02-09 21:18:20,805 - 2022-12-30 Action: SELL, Price: $132.22, Date: 2021-06-28
2025-02-09 21:18:20,805 - 2022-12-30 Action: BUY, Price: $133.74, Date: 2021-06-29
2025-02-09 21:18:20,805 - 2022-12-30 Action: SELL, Price: $134.35, Date: 2021-06-30
2025-02-09 21:18:20,805 - 2022-12-30 Action: BUY, Price: $134.66, Date: 2021-07-01
2025-02-09 21:18:20,805 - 2022-12-30 Action: SELL, Price: $137.30, Date: 2021-07-02
2025-02-09 21:18:20,805 - 2022-12-30 Action: BUY, Price: $139.32, Date: 2021-07-06
2025-02-09 21:18:20,806 - 2022-12-30 Action: SELL, Price: $141.82, Date: 2021-07-07
2025-02-09 21:18:20,806 - 2022-12-30 Action: BUY, Price: $140.52, Date: 2021-07-08
2025-02-09 21:18:20,806 - 2022-12-30 Action: SELL, Price: $142.35, Date: 2021-07-09
2025-02-09 21:18:20,806 - 2022-12-30 Action: BUY, Price: $141.75, Date: 2021-07-12
2025-02-09 21:18:20,806 - 2022-12-30 Action: SELL, Price: $142.87, Date: 2021-07-13
2025-02-09 21:18:20,806 - 2022-12-30 Action: BUY, Price: $146.31, Date: 2021-07-14
2025-02-09 21:18:20,806 - 2022-12-30 Action: SELL, Price: $145.66, Date: 2021-07-15
2025-02-09 21:18:20,806 - 2022-12-30 Action: BUY, Price: $143.61, Date: 2021-07-16
2025-02-09 21:18:20,806 - 2022-12-30 Action: SELL, Price: $143.37, Date: 2021-07-20
2025-02-09 21:18:20,806 - 2022-12-30 Action: BUY, Price: $147.55, Date: 2021-08-17
2025-02-09 21:18:20,806 - 2022-12-30 Action: SELL, Price: $143.79, Date: 2021-08-18
2025-02-09 21:18:20,806 - 2022-12-30 Action: BUY, Price: $149.17, Date: 2021-08-31
2025-02-09 21:18:20,806 - 2022-12-30 Action: SELL, Price: $149.83, Date: 2021-09-01
2025-02-09 21:18:20,806 - 2022-12-30 Action: BUY, Price: $150.95, Date: 2021-09-02
2025-02-09 21:18:20,806 - 2022-12-30 Action: SELL, Price: $151.59, Date: 2021-09-03
2025-02-09 21:18:20,806 - 2022-12-30 Action: BUY, Price: $153.94, Date: 2021-09-07
2025-02-09 21:18:20,806 - 2022-12-30 Action: SELL, Price: $152.39, Date: 2021-09-08
2025-02-09 21:18:20,806 - 2022-12-30 Action: BUY, Price: $151.37, Date: 2021-09-09
2025-02-09 21:18:20,806 - 2022-12-30 Action: SELL, Price: $146.36, Date: 2021-09-10
2025-02-09 21:18:20,806 - 2022-12-30 Action: BUY, Price: $143.50, Date: 2021-09-17
2025-02-09 21:18:20,806 - 2022-12-30 Action: SELL, Price: $140.43, Date: 2021-09-20
2025-02-09 21:18:20,806 - 2022-12-30 Action: BUY, Price: $140.91, Date: 2021-09-21
2025-02-09 21:18:20,806 - 2022-12-30 Action: SELL, Price: $143.29, Date: 2021-09-22
2025-02-09 21:18:20,806 - 2022-12-30 Action: BUY, Price: $142.82, Date: 2021-09-27
2025-02-09 21:18:20,806 - 2022-12-30 Action: SELL, Price: $139.42, Date: 2021-09-28
2025-02-09 21:18:20,806 - 2022-12-30 Action: BUY, Price: $140.32, Date: 2021-09-29
2025-02-09 21:18:20,806 - 2022-12-30 Action: SELL, Price: $139.02, Date: 2021-09-30
2025-02-09 21:18:20,806 - 2022-12-30 Action: BUY, Price: $140.15, Date: 2021-10-01
2025-02-09 21:18:20,806 - 2022-12-30 Action: SELL, Price: $136.70, Date: 2021-10-04
2025-02-09 21:18:20,806 - 2022-12-30 Action: BUY, Price: $138.63, Date: 2021-10-05
2025-02-09 21:18:20,806 - 2022-12-30 Action: SELL, Price: $139.51, Date: 2021-10-06
2025-02-09 21:18:20,806 - 2022-12-30 Action: BUY, Price: $140.39, Date: 2021-10-08
2025-02-09 21:18:20,806 - 2022-12-30 Action: SELL, Price: $140.30, Date: 2021-10-11
2025-02-09 21:18:20,806 - 2022-12-30 Action: BUY, Price: $139.03, Date: 2021-10-12
2025-02-09 21:18:20,806 - 2022-12-30 Action: SELL, Price: $138.44, Date: 2021-10-13
2025-02-09 21:18:20,806 - 2022-12-30 Action: BUY, Price: $141.24, Date: 2021-10-14
2025-02-09 21:18:20,806 - 2022-12-30 Action: SELL, Price: $143.98, Date: 2021-10-18
2025-02-09 21:18:20,806 - 2022-12-30 Action: BUY, Price: $146.15, Date: 2021-10-19
2025-02-09 21:18:20,806 - 2022-12-30 Action: SELL, Price: $146.64, Date: 2021-10-20
2025-02-09 21:18:20,806 - 2022-12-30 Action: BUY, Price: $146.86, Date: 2021-10-21
2025-02-09 21:18:20,806 - 2022-12-30 Action: SELL, Price: $146.08, Date: 2021-10-22
2025-02-09 21:18:20,806 - 2022-12-30 Action: BUY, Price: $146.03, Date: 2021-10-25
2025-02-09 21:18:20,806 - 2022-12-30 Action: SELL, Price: $146.70, Date: 2021-10-26
2025-02-09 21:18:20,806 - 2022-12-30 Action: BUY, Price: $146.24, Date: 2021-10-27
2025-02-09 21:18:20,806 - 2022-12-30 Action: SELL, Price: $149.89, Date: 2021-10-28
2025-02-09 21:18:20,806 - 2022-12-30 Action: BUY, Price: $147.17, Date: 2021-10-29
2025-02-09 21:18:20,806 - 2022-12-30 Action: SELL, Price: $148.83, Date: 2021-11-03
2025-02-09 21:18:20,806 - 2022-12-30 Action: BUY, Price: $148.31, Date: 2021-11-04
2025-02-09 21:18:20,806 - 2022-12-30 Action: SELL, Price: $148.84, Date: 2021-11-05
2025-02-09 21:18:20,806 - 2022-12-30 Action: BUY, Price: $148.02, Date: 2021-11-08
2025-02-09 21:18:20,806 - 2022-12-30 Action: SELL, Price: $145.54, Date: 2021-11-10
2025-02-09 21:18:20,806 - 2022-12-30 Action: BUY, Price: $151.02, Date: 2021-11-17
2025-02-09 21:18:20,806 - 2022-12-30 Action: SELL, Price: $155.33, Date: 2021-11-18
2025-02-09 21:18:20,806 - 2022-12-30 Action: BUY, Price: $157.96, Date: 2021-11-19
2025-02-09 21:18:20,806 - 2022-12-30 Action: SELL, Price: $158.42, Date: 2021-11-22
2025-02-09 21:18:20,806 - 2022-12-30 Action: BUY, Price: $158.81, Date: 2021-11-23
2025-02-09 21:18:20,806 - 2022-12-30 Action: SELL, Price: $159.33, Date: 2021-11-24
2025-02-09 21:18:20,806 - 2022-12-30 Action: BUY, Price: $154.28, Date: 2021-11-26
2025-02-09 21:18:20,806 - 2022-12-30 Action: SELL, Price: $157.66, Date: 2021-11-29
2025-02-09 21:18:20,806 - 2022-12-30 Action: BUY, Price: $162.64, Date: 2021-11-30
2025-02-09 21:18:20,806 - 2022-12-30 Action: SELL, Price: $162.11, Date: 2021-12-01
2025-02-09 21:18:20,806 - 2022-12-30 Action: BUY, Price: $161.12, Date: 2021-12-02
2025-02-09 21:18:20,806 - 2022-12-30 Action: SELL, Price: $159.23, Date: 2021-12-03
2025-02-09 21:18:20,806 - 2022-12-30 Action: BUY, Price: $162.66, Date: 2021-12-06
2025-02-09 21:18:20,806 - 2022-12-30 Action: SELL, Price: $168.42, Date: 2021-12-07
2025-02-09 21:18:20,806 - 2022-12-30 Action: BUY, Price: $172.26, Date: 2021-12-08
2025-02-09 21:18:20,806 - 2022-12-30 Action: SELL, Price: $171.75, Date: 2021-12-09
2025-02-09 21:18:20,806 - 2022-12-30 Action: BUY, Price: $176.56, Date: 2021-12-10
2025-02-09 21:18:20,806 - 2022-12-30 Action: SELL, Price: $172.91, Date: 2021-12-13
2025-02-09 21:18:20,806 - 2022-12-30 Action: BUY, Price: $171.52, Date: 2021-12-14
2025-02-09 21:18:20,806 - 2022-12-30 Action: SELL, Price: $176.41, Date: 2021-12-15
2025-02-09 21:18:20,806 - 2022-12-30 Action: BUY, Price: $169.48, Date: 2021-12-16
2025-02-09 21:18:20,806 - 2022-12-30 Action: SELL, Price: $168.38, Date: 2021-12-17
2025-02-09 21:18:20,806 - 2022-12-30 Action: BUY, Price: $167.06, Date: 2022-01-18
2025-02-09 21:18:20,806 - 2022-12-30 Action: SELL, Price: $163.55, Date: 2022-01-19
2025-02-09 21:18:20,806 - 2022-12-30 Action: BUY, Price: $161.86, Date: 2022-01-20
2025-02-09 21:18:20,806 - 2022-12-30 Action: SELL, Price: $159.79, Date: 2022-01-21
2025-02-09 21:18:20,806 - 2022-12-30 Action: BUY, Price: $159.02, Date: 2022-01-24
2025-02-09 21:18:20,806 - 2022-12-30 Action: SELL, Price: $157.20, Date: 2022-01-25
2025-02-09 21:18:20,806 - 2022-12-30 Action: BUY, Price: $157.12, Date: 2022-01-26
2025-02-09 21:18:20,806 - 2022-12-30 Action: SELL, Price: $156.65, Date: 2022-01-27
2025-02-09 21:18:20,806 - 2022-12-30 Action: BUY, Price: $171.80, Date: 2022-02-01
2025-02-09 21:18:20,806 - 2022-12-30 Action: SELL, Price: $169.11, Date: 2022-02-07
2025-02-09 21:18:20,806 - 2022-12-30 Action: BUY, Price: $172.23, Date: 2022-02-08
2025-02-09 21:18:20,806 - 2022-12-30 Action: SELL, Price: $169.56, Date: 2022-02-10
2025-02-09 21:18:20,806 - 2022-12-30 Action: BUY, Price: $166.13, Date: 2022-02-11
2025-02-09 21:18:20,806 - 2022-12-30 Action: SELL, Price: $166.37, Date: 2022-02-17
2025-02-09 21:18:20,806 - 2022-12-30 Action: BUY, Price: $164.81, Date: 2022-02-18
2025-02-09 21:18:20,806 - 2022-12-30 Action: SELL, Price: $161.88, Date: 2022-02-22
2025-02-09 21:18:20,807 - 2022-12-30 Action: BUY, Price: $157.69, Date: 2022-02-23
2025-02-09 21:18:20,807 - 2022-12-30 Action: SELL, Price: $160.32, Date: 2022-02-24
2025-02-09 21:18:20,807 - 2022-12-30 Action: BUY, Price: $162.40, Date: 2022-02-25
2025-02-09 21:18:20,807 - 2022-12-30 Action: SELL, Price: $162.67, Date: 2022-02-28
2025-02-09 21:18:20,807 - 2022-12-30 Action: BUY, Price: $160.77, Date: 2022-03-01
2025-02-09 21:18:20,807 - 2022-12-30 Action: SELL, Price: $164.08, Date: 2022-03-02
2025-02-09 21:18:20,807 - 2022-12-30 Action: BUY, Price: $160.74, Date: 2022-03-04
2025-02-09 21:18:20,807 - 2022-12-30 Action: SELL, Price: $156.93, Date: 2022-03-07
2025-02-09 21:18:20,807 - 2022-12-30 Action: BUY, Price: $155.10, Date: 2022-03-08
2025-02-09 21:18:20,807 - 2022-12-30 Action: SELL, Price: $160.53, Date: 2022-03-09
2025-02-09 21:18:20,807 - 2022-12-30 Action: BUY, Price: $156.16, Date: 2022-03-10
2025-02-09 21:18:20,807 - 2022-12-30 Action: SELL, Price: $152.43, Date: 2022-03-11
2025-02-09 21:18:20,807 - 2022-12-30 Action: BUY, Price: $148.38, Date: 2022-03-14
2025-02-09 21:18:20,807 - 2022-12-30 Action: SELL, Price: $152.78, Date: 2022-03-15
2025-02-09 21:18:20,807 - 2022-12-30 Action: BUY, Price: $161.54, Date: 2022-03-18
2025-02-09 21:18:20,807 - 2022-12-30 Action: SELL, Price: $166.31, Date: 2022-03-22
2025-02-09 21:18:20,807 - 2022-12-30 Action: BUY, Price: $167.68, Date: 2022-03-23
2025-02-09 21:18:20,807 - 2022-12-30 Action: SELL, Price: $171.48, Date: 2022-03-24
2025-02-09 21:18:20,807 - 2022-12-30 Action: BUY, Price: $172.12, Date: 2022-03-25
2025-02-09 21:18:20,807 - 2022-12-30 Action: SELL, Price: $172.99, Date: 2022-03-28
2025-02-09 21:18:20,807 - 2022-12-30 Action: BUY, Price: $176.30, Date: 2022-03-29
2025-02-09 21:18:20,807 - 2022-12-30 Action: SELL, Price: $175.13, Date: 2022-03-30
2025-02-09 21:18:20,807 - 2022-12-30 Action: BUY, Price: $172.01, Date: 2022-03-31
2025-02-09 21:18:20,807 - 2022-12-30 Action: SELL, Price: $175.79, Date: 2022-04-04
2025-02-09 21:18:20,807 - 2022-12-30 Action: BUY, Price: $172.46, Date: 2022-04-05
2025-02-09 21:18:20,807 - 2022-12-30 Action: SELL, Price: $167.56, Date: 2022-04-08
2025-02-09 21:18:20,807 - 2022-12-30 Action: BUY, Price: $163.29, Date: 2022-04-11
2025-02-09 21:18:20,807 - 2022-12-30 Action: SELL, Price: $165.17, Date: 2022-04-12
2025-02-09 21:18:20,807 - 2022-12-30 Action: BUY, Price: $162.83, Date: 2022-04-14
2025-02-09 21:18:20,807 - 2022-12-30 Action: SELL, Price: $162.62, Date: 2022-04-18
2025-02-09 21:18:20,807 - 2022-12-30 Action: BUY, Price: $159.39, Date: 2022-04-22
2025-02-09 21:18:20,807 - 2022-12-30 Action: SELL, Price: $160.46, Date: 2022-04-25
2025-02-09 21:18:20,807 - 2022-12-30 Action: BUY, Price: $154.47, Date: 2022-04-26
2025-02-09 21:18:20,807 - 2022-12-30 Action: SELL, Price: $154.24, Date: 2022-04-27
2025-02-09 21:18:20,807 - 2022-12-30 Action: BUY, Price: $155.31, Date: 2022-04-29
2025-02-09 21:18:20,807 - 2022-12-30 Action: SELL, Price: $155.61, Date: 2022-05-02
2025-02-09 21:18:20,807 - 2022-12-30 Action: BUY, Price: $157.11, Date: 2022-05-03
2025-02-09 21:18:20,807 - 2022-12-30 Action: SELL, Price: $163.55, Date: 2022-05-04
2025-02-09 21:18:20,807 - 2022-12-30 Action: BUY, Price: $154.44, Date: 2022-05-05
2025-02-09 21:18:20,807 - 2022-12-30 Action: SELL, Price: $155.17, Date: 2022-05-06
2025-02-09 21:18:20,807 - 2022-12-30 Action: BUY, Price: $150.02, Date: 2022-05-09
2025-02-09 21:18:20,807 - 2022-12-30 Action: SELL, Price: $152.44, Date: 2022-05-10
2025-02-09 21:18:20,807 - 2022-12-30 Action: BUY, Price: $144.53, Date: 2022-05-11
2025-02-09 21:18:20,807 - 2022-12-30 Action: SELL, Price: $140.65, Date: 2022-05-12
2025-02-09 21:18:20,807 - 2022-12-30 Action: BUY, Price: $145.14, Date: 2022-05-13
2025-02-09 21:18:20,807 - 2022-12-30 Action: SELL, Price: $143.59, Date: 2022-05-16
2025-02-09 21:18:20,807 - 2022-12-30 Action: BUY, Price: $147.24, Date: 2022-05-17
2025-02-09 21:18:20,807 - 2022-12-30 Action: SELL, Price: $138.93, Date: 2022-05-18
2025-02-09 21:18:20,807 - 2022-12-30 Action: BUY, Price: $135.51, Date: 2022-05-19
2025-02-09 21:18:20,807 - 2022-12-30 Action: SELL, Price: $135.74, Date: 2022-05-20
2025-02-09 21:18:20,807 - 2022-12-30 Action: BUY, Price: $141.19, Date: 2022-05-23
2025-02-09 21:18:20,807 - 2022-12-30 Action: SELL, Price: $138.48, Date: 2022-05-24
2025-02-09 21:18:20,807 - 2022-12-30 Action: BUY, Price: $138.63, Date: 2022-05-25
2025-02-09 21:18:20,807 - 2022-12-30 Action: SELL, Price: $141.85, Date: 2022-05-26
2025-02-09 21:18:20,807 - 2022-12-30 Action: BUY, Price: $147.63, Date: 2022-05-27
2025-02-09 21:18:20,807 - 2022-12-30 Action: SELL, Price: $143.43, Date: 2022-06-03
2025-02-09 21:18:20,807 - 2022-12-30 Action: BUY, Price: $144.18, Date: 2022-06-06
2025-02-09 21:18:20,807 - 2022-12-30 Action: SELL, Price: $140.73, Date: 2022-06-09
2025-02-09 21:18:20,807 - 2022-12-30 Action: BUY, Price: $135.29, Date: 2022-06-10
2025-02-09 21:18:20,807 - 2022-12-30 Action: SELL, Price: $130.11, Date: 2022-06-13
2025-02-09 21:18:20,807 - 2022-12-30 Action: BUY, Price: $130.98, Date: 2022-06-14
2025-02-09 21:18:20,807 - 2022-12-30 Action: SELL, Price: $133.61, Date: 2022-06-15
2025-02-09 21:18:20,807 - 2022-12-30 Action: BUY, Price: $128.32, Date: 2022-06-16
2025-02-09 21:18:20,807 - 2022-12-30 Action: SELL, Price: $129.80, Date: 2022-06-17
2025-02-09 21:18:20,807 - 2022-12-30 Action: BUY, Price: $134.05, Date: 2022-06-21
2025-02-09 21:18:20,807 - 2022-12-30 Action: SELL, Price: $133.53, Date: 2022-06-22
2025-02-09 21:18:20,807 - 2022-12-30 Action: BUY, Price: $136.42, Date: 2022-06-23
2025-02-09 21:18:20,807 - 2022-12-30 Action: SELL, Price: $135.60, Date: 2022-06-28
2025-02-09 21:18:20,807 - 2022-12-30 Action: BUY, Price: $137.36, Date: 2022-06-29
2025-02-09 21:18:20,807 - 2022-12-30 Action: SELL, Price: $144.39, Date: 2022-07-07
2025-02-09 21:18:20,807 - 2022-12-30 Action: BUY, Price: $145.07, Date: 2022-07-08
2025-02-09 21:18:20,807 - 2022-12-30 Action: SELL, Price: $146.48, Date: 2022-07-14
2025-02-09 21:18:20,807 - 2022-12-30 Action: BUY, Price: $148.16, Date: 2022-07-15
2025-02-09 21:18:20,807 - 2022-12-30 Action: SELL, Price: $145.10, Date: 2022-07-18
2025-02-09 21:18:20,807 - 2022-12-30 Action: BUY, Price: $148.97, Date: 2022-07-19
2025-02-09 21:18:20,807 - 2022-12-30 Action: SELL, Price: $150.99, Date: 2022-07-20
2025-02-09 21:18:20,807 - 2022-12-30 Action: BUY, Price: $153.27, Date: 2022-07-21
2025-02-09 21:18:20,807 - 2022-12-30 Action: SELL, Price: $152.02, Date: 2022-07-22
2025-02-09 21:18:20,807 - 2022-12-30 Action: BUY, Price: $150.90, Date: 2022-07-25
2025-02-09 21:18:20,807 - 2022-12-30 Action: SELL, Price: $154.69, Date: 2022-07-27
2025-02-09 21:18:20,807 - 2022-12-30 Action: BUY, Price: $155.24, Date: 2022-07-28
2025-02-09 21:18:20,807 - 2022-12-30 Action: SELL, Price: $160.33, Date: 2022-07-29
2025-02-09 21:18:20,807 - 2022-12-30 Action: BUY, Price: $159.34, Date: 2022-08-01
2025-02-09 21:18:20,807 - 2022-12-30 Action: SELL, Price: $157.86, Date: 2022-08-02
2025-02-09 21:18:20,807 - 2022-12-30 Action: BUY, Price: $163.90, Date: 2022-08-03
2025-02-09 21:18:20,807 - 2022-12-30 Action: SELL, Price: $163.59, Date: 2022-08-04
2025-02-09 21:18:20,807 - 2022-12-30 Action: BUY, Price: $163.36, Date: 2022-08-05
2025-02-09 21:18:20,807 - 2022-12-30 Action: SELL, Price: $162.88, Date: 2022-08-08
2025-02-09 21:18:20,807 - 2022-12-30 Action: BUY, Price: $162.93, Date: 2022-08-09
2025-02-09 21:18:20,807 - 2022-12-30 Action: SELL, Price: $167.20, Date: 2022-08-10
2025-02-09 21:18:20,807 - 2022-12-30 Action: BUY, Price: $166.46, Date: 2022-08-11
2025-02-09 21:18:20,807 - 2022-12-30 Action: SELL, Price: $170.03, Date: 2022-08-12
2025-02-09 21:18:20,807 - 2022-12-30 Action: BUY, Price: $171.10, Date: 2022-08-15
2025-02-09 21:18:20,807 - 2022-12-30 Action: SELL, Price: $170.95, Date: 2022-08-16
2025-02-09 21:18:20,807 - 2022-12-30 Action: BUY, Price: $172.45, Date: 2022-08-17
2025-02-09 21:18:20,808 - 2022-12-30 Action: SELL, Price: $172.05, Date: 2022-08-18
2025-02-09 21:18:20,808 - 2022-12-30 Action: BUY, Price: $169.45, Date: 2022-08-19
2025-02-09 21:18:20,808 - 2022-12-30 Action: SELL, Price: $165.55, Date: 2022-08-22
2025-02-09 21:18:20,808 - 2022-12-30 Action: BUY, Price: $159.44, Date: 2022-08-29
2025-02-09 21:18:20,808 - 2022-12-30 Action: SELL, Price: $157.00, Date: 2022-08-30
2025-02-09 21:18:20,808 - 2022-12-30 Action: BUY, Price: $155.33, Date: 2022-08-31
2025-02-09 21:18:20,808 - 2022-12-30 Action: SELL, Price: $156.06, Date: 2022-09-01
2025-02-09 21:18:20,808 - 2022-12-30 Action: BUY, Price: $153.93, Date: 2022-09-02
2025-02-09 21:18:20,808 - 2022-12-30 Action: SELL, Price: $152.67, Date: 2022-09-06
2025-02-09 21:18:20,808 - 2022-12-30 Action: BUY, Price: $154.08, Date: 2022-09-07
2025-02-09 21:18:20,808 - 2022-12-30 Action: SELL, Price: $152.60, Date: 2022-09-08
2025-02-09 21:18:20,808 - 2022-12-30 Action: BUY, Price: $155.47, Date: 2022-09-09
2025-02-09 21:18:20,808 - 2022-12-30 Action: SELL, Price: $161.46, Date: 2022-09-12
2025-02-09 21:18:20,808 - 2022-12-30 Action: BUY, Price: $151.99, Date: 2022-09-13
2025-02-09 21:18:20,808 - 2022-12-30 Action: SELL, Price: $153.44, Date: 2022-09-14
2025-02-09 21:18:20,808 - 2022-12-30 Action: BUY, Price: $150.53, Date: 2022-09-15
2025-02-09 21:18:20,808 - 2022-12-30 Action: SELL, Price: $148.88, Date: 2022-09-16
2025-02-09 21:18:20,808 - 2022-12-30 Action: BUY, Price: $152.62, Date: 2022-09-19
2025-02-09 21:18:20,808 - 2022-12-30 Action: SELL, Price: $155.01, Date: 2022-09-20
2025-02-09 21:18:20,808 - 2022-12-30 Action: BUY, Price: $151.87, Date: 2022-09-21
2025-02-09 21:18:20,808 - 2022-12-30 Action: SELL, Price: $150.90, Date: 2022-09-22
2025-02-09 21:18:20,808 - 2022-12-30 Action: BUY, Price: $148.62, Date: 2022-09-23
2025-02-09 21:18:20,808 - 2022-12-30 Action: SELL, Price: $148.95, Date: 2022-09-26
2025-02-09 21:18:20,808 - 2022-12-30 Action: BUY, Price: $149.93, Date: 2022-09-27
2025-02-09 21:18:20,808 - 2022-12-30 Action: SELL, Price: $148.04, Date: 2022-09-28
2025-02-09 21:18:20,808 - 2022-12-30 Action: BUY, Price: $140.76, Date: 2022-09-29
2025-02-09 21:18:20,808 - 2022-12-30 Action: SELL, Price: $136.54, Date: 2022-09-30
2025-02-09 21:18:20,808 - 2022-12-30 Action: BUY, Price: $140.73, Date: 2022-10-03
2025-02-09 21:18:20,808 - 2022-12-30 Action: SELL, Price: $144.34, Date: 2022-10-04
2025-02-09 21:18:20,808 - 2022-12-30 Action: BUY, Price: $144.64, Date: 2022-10-05
2025-02-09 21:18:20,808 - 2022-12-30 Action: SELL, Price: $143.68, Date: 2022-10-06
2025-02-09 21:18:20,808 - 2022-12-30 Action: BUY, Price: $138.40, Date: 2022-10-07
2025-02-09 21:18:20,808 - 2022-12-30 Action: SELL, Price: $138.73, Date: 2022-10-10
2025-02-09 21:18:20,808 - 2022-12-30 Action: BUY, Price: $137.31, Date: 2022-10-11
2025-02-09 21:18:20,808 - 2022-12-30 Action: SELL, Price: $136.67, Date: 2022-10-12
2025-02-09 21:18:20,808 - 2022-12-30 Action: BUY, Price: $141.27, Date: 2022-10-13
2025-02-09 21:18:20,808 - 2022-12-30 Action: SELL, Price: $136.71, Date: 2022-10-14
2025-02-09 21:18:20,808 - 2022-12-30 Action: BUY, Price: $140.69, Date: 2022-10-17
2025-02-09 21:18:20,808 - 2022-12-30 Action: SELL, Price: $147.65, Date: 2022-10-24
2025-02-09 21:18:20,808 - 2022-12-30 Action: BUY, Price: $150.51, Date: 2022-10-25
2025-02-09 21:18:20,808 - 2022-12-30 Action: SELL, Price: $143.06, Date: 2022-10-27
2025-02-09 21:18:20,808 - 2022-12-30 Action: BUY, Price: $153.86, Date: 2022-10-28
2025-02-09 21:18:20,808 - 2022-12-30 Action: SELL, Price: $151.49, Date: 2022-10-31
2025-02-09 21:18:20,808 - 2022-12-30 Action: BUY, Price: $148.84, Date: 2022-11-01
2025-02-09 21:18:20,808 - 2022-12-30 Action: SELL, Price: $143.28, Date: 2022-11-02
2025-02-09 21:18:20,808 - 2022-12-30 Action: BUY, Price: $137.21, Date: 2022-11-03
2025-02-09 21:18:20,808 - 2022-12-30 Action: SELL, Price: $136.94, Date: 2022-11-04
2025-02-09 21:18:20,808 - 2022-12-30 Action: BUY, Price: $137.47, Date: 2022-11-07
2025-02-09 21:18:20,808 - 2022-12-30 Action: SELL, Price: $138.05, Date: 2022-11-08
2025-02-09 21:18:20,808 - 2022-12-30 Action: BUY, Price: $133.47, Date: 2022-11-09
2025-02-09 21:18:20,808 - 2022-12-30 Action: SELL, Price: $145.34, Date: 2022-11-10
2025-02-09 21:18:20,808 - 2022-12-30 Action: BUY, Price: $148.14, Date: 2022-11-11
2025-02-09 21:18:20,808 - 2022-12-30 Action: SELL, Price: $146.47, Date: 2022-11-21
2025-02-09 21:18:20,808 - 2022-12-30 Action: BUY, Price: $148.62, Date: 2022-11-22
2025-02-09 21:18:20,808 - 2022-12-30 Action: SELL, Price: $142.72, Date: 2022-11-28
2025-02-09 21:18:20,808 - 2022-12-30 Action: BUY, Price: $139.70, Date: 2022-11-29
2025-02-09 21:18:20,808 - 2022-12-30 Action: SELL, Price: $146.49, Date: 2022-11-30
2025-02-09 21:18:20,808 - 2022-12-30 Action: BUY, Price: $141.42, Date: 2022-12-06
2025-02-09 21:18:20,808 - 2022-12-30 Action: SELL, Price: $139.47, Date: 2022-12-07
2025-02-09 21:18:20,808 - 2022-12-30 Action: BUY, Price: $140.68, Date: 2022-12-09
2025-02-09 21:18:20,808 - 2022-12-30 Action: SELL, Price: $142.99, Date: 2022-12-12
2025-02-09 21:18:20,808 - 2022-12-30 Action: BUY, Price: $135.08, Date: 2022-12-15
2025-02-09 21:18:20,808 - 2022-12-30 Action: SELL, Price: $133.11, Date: 2022-12-16
2025-02-09 21:18:20,808 - 2022-12-30 Action: BUY, Price: $130.99, Date: 2022-12-19
2025-02-09 21:18:20,808 - 2022-12-30 Action: SELL, Price: $130.92, Date: 2022-12-20
2025-02-09 21:18:20,808 - 2022-12-30 Action: BUY, Price: $134.04, Date: 2022-12-21
2025-02-09 21:18:20,808 - 2022-12-30 Action: SELL, Price: $130.85, Date: 2022-12-22
2025-02-09 21:18:20,808 - 2022-12-30 Action: BUY, Price: $130.49, Date: 2022-12-23
2025-02-09 21:18:20,808 - 2022-12-30 Action: SELL, Price: $128.68, Date: 2022-12-27
2025-02-09 21:18:20,808 - 2022-12-30 Action: BUY, Price: $124.73, Date: 2022-12-28
2025-02-09 21:18:20,808 - 2022-12-30 Action: SELL, Price: $128.26, Date: 2022-12-29
2025-02-09 21:18:20,808 - 2022-12-30 Action: BUY, Price: $128.58, Date: 2022-12-30
